YEAR,MONTH,DAY,HOUR,OPTPWR,IIT,IHT,kwh,SUN
2020,3,1,6,1.54,31.0,25.0,3.1000000000000005,0.0
2020,3,1,7,4.85,37.0,38.0,7.349,0.41
2020,3,1,8,9.62,39.0,42.0,7.851000000000001,0.55
2020,3,1,9,15.28,41.0,36.0,3.695,0.5
2020,3,1,10,7.55,41.0,46.0,7.912000000000001,0.76
2020,3,1,11,9.77,41.0,49.0,10.975999999999999,0.81
2020,3,1,12,17.27,38.0,38.0,9.042,1.53
2020,3,1,13,18.81,41.0,41.0,4.745,0.85
2020,3,1,14,7.51,40.0,38.0,1.6210000000000002,0.36
2020,3,1,15,2.61,39.0,39.0,1.1349999999999996,0.0
2020,3,1,16,1.5,38.0,38.0,0.5,0.0
2020,3,1,17,0.82,37.0,37.0,0.029,0.0
2020,3,1,18,0.1,36.0,36.0,0.0,0.0
2020,3,2,6,0.81,29.0,22.0,2.11,0.0
2020,3,2,7,4.1,32.0,29.0,9.387000000000002,0.16
2020,3,2,8,15.64,32.0,33.0,12.938,1.1
2020,3,2,9,19.73,33.0,38.0,18.076,1.58
2020,3,2,10,24.47,35.0,42.0,20.385,1.78
2020,3,2,11,26.22,37.0,46.0,19.574,1.95
2020,3,2,12,26.25,37.0,45.0,20.762,1.62
2020,3,2,13,26.43,37.0,45.0,18.085,1.56
2020,3,2,14,26.24,37.0,42.0,12.499999999999995,1.46
2020,3,2,15,19.14,35.0,38.0,5.495,1.24
2020,3,2,16,10.99,35.0,31.0,1.3759999999999997,0.72
2020,3,2,17,3.34,34.0,30.0,0.037000000000000005,0.02
2020,3,2,18,0.11,33.0,30.0,0.0,0.0
2020,3,3,6,0.93,30.0,24.0,3.709,0.0
2020,3,3,7,5.67,37.0,38.0,4.753000000000001,0.35
2020,3,3,8,5.39,39.0,46.0,5.081,0.6
2020,3,3,9,5.96,39.0,49.0,11.200000000000005,0.6
2020,3,3,10,21.02,39.0,42.0,14.793,1.14
2020,3,3,11,24.61,38.0,45.0,21.8,2.17
2020,3,3,12,22.97,40.0,46.0,22.345,2.22
2020,3,3,13,22.47,40.0,46.0,17.941000000000006,2.46
2020,3,3,14,20.26,39.0,43.0,13.647,2.03
2020,3,3,15,17.13,37.0,38.0,7.028999999999999,1.43
2020,3,3,16,10.85,37.0,33.0,1.3769999999999996,0.72
2020,3,3,17,3.25,37.0,34.0,0.029,0.03
2020,3,3,18,0.1,36.0,34.0,0.0,0.0
2020,3,4,6,0.9,32.0,25.0,0.6629999999999999,0.0
2020,3,4,7,1.19,33.0,28.0,1.4360000000000002,0.0
2020,3,4,8,2.1,34.0,30.0,2.061,0.0
2020,3,4,9,2.75,33.0,31.0,2.546,0.17
2020,3,4,10,5.9,34.0,33.0,3.65,0.17
2020,3,4,11,5.66,35.0,36.0,2.853,0.55
2020,3,4,12,3.41,35.0,36.0,2.1180000000000003,0.52
2020,3,4,13,3.27,34.0,33.0,3.0569999999999995,0.05
2020,3,4,14,5.93,34.0,36.0,5.123000000000001,0.53
2020,3,4,15,7.83,34.0,39.0,2.5390000000000006,0.71
2020,3,4,16,4.55,35.0,35.0,0.39799999999999996,0.19
2020,3,4,17,1.32,34.0,31.0,0.016,0.0
2020,3,4,18,0.09,31.0,27.0,0.0,0.0
2020,3,5,6,0.15,25.0,18.0,0.619,0.0
2020,3,5,7,1.74,27.0,21.0,2.0320000000000005,0.0
2020,3,5,8,2.75,29.0,25.0,5.251,0.19
2020,3,5,9,8.52,32.0,36.0,9.025,0.56
2020,3,5,10,11.06,30.0,30.0,7.683,0.89
2020,3,5,11,12.55,30.0,29.0,11.139000000000001,0.65
2020,3,5,12,15.43,31.0,33.0,14.139,0.94
2020,3,5,13,18.55,33.0,36.0,7.75,1.65
2020,3,5,14,13.9,34.0,33.0,3.9819999999999993,0.89
2020,3,5,15,6.12,35.0,36.0,1.7650000000000003,0.34
2020,3,5,16,2.11,34.0,34.0,0.8580000000000001,0.0
2020,3,5,17,1.58,33.0,31.0,0.033,0.0
2020,3,5,18,0.09,32.0,29.0,0.0,0.0
2020,3,6,6,1.23,29.0,24.0,3.0410000000000004,0.0
2020,3,6,7,4.53,34.0,36.0,5.001,0.36
2020,3,6,8,6.24,37.0,46.0,8.164,0.7
2020,3,6,9,10.69,38.0,49.0,9.396,0.85
2020,3,6,10,11.37,35.0,33.0,6.809,1.04
2020,3,6,11,8.5,38.0,33.0,7.499,0.79
2020,3,6,12,10.99,39.0,41.0,5.828999999999999,0.6
2020,3,6,13,7.74,40.0,46.0,6.982000000000001,0.6
2020,3,6,14,11.02,38.0,35.0,7.784,0.58
2020,3,6,15,12.97,38.0,37.0,4.6320000000000014,0.7
2020,3,6,16,11.97,38.0,36.0,1.3009999999999995,0.42
2020,3,6,17,2.78,38.0,38.0,0.036000000000000004,0.0
2020,3,6,18,0.11,36.0,37.0,0.0,0.0
2020,3,7,6,1.69,31.0,25.0,3.563,0.0
2020,3,7,7,5.97,39.0,39.0,9.336,0.38
2020,3,7,8,13.62,40.0,45.0,7.711000000000002,0.95
2020,3,7,9,10.85,41.0,39.0,15.378,1.37
2020,3,7,10,21.97,42.0,43.0,19.381,2.27
2020,3,7,11,23.25,43.0,48.0,20.263,2.82
2020,3,7,12,23.18,44.0,48.0,18.044,2.7
2020,3,7,13,21.31,44.0,46.0,14.54,2.21
2020,3,7,14,19.24,43.0,45.0,14.18,2.11
2020,3,7,15,17.0,39.0,39.0,7.539999999999999,1.44
2020,3,7,16,11.15,39.0,36.0,1.511,0.75
2020,3,7,17,2.88,39.0,37.0,0.034,0.06
2020,3,7,18,0.1,38.0,37.0,0.0,0.0
2020,3,8,6,1.37,33.0,28.0,2.2150000000000003,0.0
2020,3,8,7,4.01,37.0,37.0,6.571000000000001,0.33
2020,3,8,8,12.54,39.0,42.0,11.586999999999998,0.92
2020,3,8,9,18.97,40.0,41.0,18.825000000000006,1.84
2020,3,8,10,21.11,42.0,46.0,21.031000000000006,2.41
2020,3,8,11,23.55,44.0,49.0,21.224,2.77
2020,3,8,12,22.84,44.0,49.0,20.966999999999995,2.19
2020,3,8,13,21.97,43.0,48.0,16.820999999999998,2.18
2020,3,8,14,19.9,42.0,46.0,5.736000000000001,1.62
2020,3,8,15,13.89,41.0,38.0,2.4019999999999997,0.44
2020,3,8,16,3.71,40.0,39.0,0.523,0.05
2020,3,8,17,1.27,39.0,39.0,0.035,0.0
2020,3,8,18,0.12,38.0,37.0,0.0,0.0
2020,3,9,6,1.71,34.0,28.0,3.8730000000000007,0.0
2020,3,9,7,6.33,42.0,43.0,8.479999999999999,0.6
2020,3,9,8,12.11,44.0,49.0,10.486,1.07
2020,3,9,9,14.7,38.0,36.0,9.613999999999999,1.29
2020,3,9,10,18.47,39.0,36.0,11.619000000000002,2.01
2020,3,9,11,19.16,37.0,39.0,7.671000000000002,1.79
2020,3,9,12,15.27,40.0,36.0,3.0680000000000005,1.75
2020,3,9,13,4.21,39.0,41.0,1.729,0.52
2020,3,9,14,2.73,39.0,42.0,1.711,0.0
2020,3,9,15,2.69,39.0,42.0,1.386,0.0
2020,3,9,16,2.63,40.0,42.0,0.5680000000000001,0.0
2020,3,9,17,1.42,40.0,42.0,0.031000000000000007,0.0
2020,3,9,18,0.1,39.0,39.0,0.0,0.0
2020,3,10,6,0.13,31.0,24.0,0.28500000000000003,0.0
2020,3,10,7,0.89,33.0,28.0,1.9120000000000004,0.0
2020,3,10,8,3.11,35.0,33.0,2.2810000000000006,0.06
2020,3,10,9,3.89,36.0,38.0,2.507000000000001,0.14
2020,3,10,10,4.09,35.0,39.0,4.981999999999998,0.2
2020,3,10,11,8.06,35.0,43.0,4.88,0.51
2020,3,10,12,8.91,35.0,37.0,4.785000000000001,0.42
2020,3,10,13,7.97,36.0,38.0,4.4529999999999985,0.55
2020,3,10,14,8.26,35.0,37.0,3.1610000000000005,0.57
2020,3,10,15,4.04,35.0,36.0,1.755,0.15
2020,3,10,16,2.41,34.0,35.0,0.4540000000000001,0.0
2020,3,10,17,1.13,33.0,33.0,0.032,0.0
2020,3,10,18,0.1,32.0,29.0,0.0,0.0
2020,3,11,6,1.82,29.0,24.0,3.8080000000000003,0.0
2020,3,11,7,6.63,36.0,37.0,10.005,0.47
2020,3,11,8,12.85,36.0,41.0,15.245,1.44
2020,3,11,9,17.76,35.0,37.0,20.065,1.98
2020,3,11,10,21.5,37.0,42.0,21.933,2.55
2020,3,11,11,24.3,39.0,46.0,19.445999999999994,2.95
2020,3,11,12,26.03,40.0,46.0,20.08,2.28
2020,3,11,13,23.42,40.0,46.0,12.199000000000002,2.32
2020,3,11,14,18.63,40.0,41.0,4.523999999999999,1.55
2020,3,11,15,7.04,38.0,36.0,2.11,0.6
2020,3,11,16,4.09,38.0,38.0,0.466,0.29
2020,3,11,17,0.96,37.0,37.0,0.033,0.0
2020,3,11,18,0.11,35.0,36.0,0.0,0.0
2020,3,12,6,0.13,30.0,24.0,0.09800000000000003,0.0
2020,3,12,7,0.12,31.0,28.0,0.34299999999999997,0.0
2020,3,12,8,0.66,33.0,31.0,1.149,0.0
2020,3,12,9,2.04,35.0,35.0,2.678,0.0
2020,3,12,10,4.98,37.0,42.0,6.657999999999999,0.21
2020,3,12,11,9.98,38.0,46.0,7.412999999999999,0.85
2020,3,12,12,13.84,37.0,33.0,5.051,0.77
2020,3,12,13,7.68,39.0,38.0,4.459999999999999,0.59
2020,3,12,14,6.43,40.0,45.0,3.8280000000000003,0.23
2020,3,12,15,5.18,40.0,48.0,2.0560000000000005,0.06
2020,3,12,16,2.94,40.0,47.0,0.30500000000000005,0.0
2020,3,12,17,0.55,39.0,43.0,0.03,0.0
2020,3,12,18,0.1,37.0,39.0,0.0,0.0
2020,3,13,6,0.65,32.0,25.0,1.0,0.0
2020,3,13,7,1.82,35.0,31.0,1.089,0.07
2020,3,13,8,1.83,36.0,36.0,0.7370000000000001,0.24
2020,3,13,9,1.56,36.0,37.0,1.05,0.0
2020,3,13,10,3.62,37.0,39.0,5.305,0.0
2020,3,13,11,12.03,40.0,48.0,12.199000000000002,0.54
2020,3,13,12,21.4,40.0,42.0,6.465,0.89
2020,3,13,13,12.4,41.0,41.0,5.752999999999999,1.0
2020,3,13,14,9.22,40.0,45.0,2.0840000000000005,0.49
2020,3,13,15,3.14,40.0,42.0,1.0240000000000002,0.0
2020,3,13,16,1.6,39.0,41.0,0.158,0.0
2020,3,13,17,0.47,38.0,39.0,0.028000000000000004,0.0
2020,3,13,18,0.1,37.0,37.0,0.0,0.0
2020,3,14,6,0.27,28.0,21.0,0.9890000000000002,0.0
2020,3,14,7,2.12,31.0,25.0,1.5020000000000002,0.0
2020,3,14,8,1.72,32.0,29.0,2.412,0.0
2020,3,14,9,5.49,32.0,33.0,8.210999999999999,0.29
2020,3,14,10,16.76,32.0,36.0,7.468000000000001,0.6
2020,3,14,11,10.22,34.0,31.0,12.374999999999998,0.6
2020,3,14,12,17.83,33.0,36.0,9.611,1.0
2020,3,14,13,13.36,32.0,31.0,17.046,0.81
2020,3,14,14,22.42,34.0,38.0,13.584000000000001,1.49
2020,3,14,15,17.4,34.0,37.0,6.712000000000001,1.22
2020,3,14,16,10.21,33.0,29.0,1.7590000000000001,0.52
2020,3,14,17,3.48,33.0,30.0,0.048,0.08
2020,3,14,18,0.13,32.0,29.0,0.0,0.0
2020,3,15,6,2.2,30.0,24.0,4.474,0.1
2020,3,15,7,7.92,37.0,39.0,11.834000000000001,0.83
2020,3,15,8,15.16,34.0,33.0,18.274,1.61
2020,3,15,9,20.66,36.0,41.0,22.642000000000003,2.35
2020,3,15,10,23.71,38.0,45.0,23.146,3.0
2020,3,15,11,25.16,39.0,48.0,25.765,3.0
2020,3,15,12,25.56,40.0,48.0,24.901000000000003,3.0
2020,3,15,13,25.72,39.0,47.0,21.791999999999998,2.99
2020,3,15,14,23.3,38.0,46.0,15.814000000000002,2.37
2020,3,15,15,18.73,37.0,39.0,9.607000000000001,1.66
2020,3,15,16,12.74,34.0,33.0,2.1590000000000003,0.89
2020,3,15,17,4.29,35.0,31.0,0.05,0.17
2020,3,15,18,0.12,34.0,31.0,0.0,0.0
2020,3,16,6,2.22,30.0,24.0,4.5760000000000005,0.13
2020,3,16,7,8.04,38.0,42.0,11.652,0.85
2020,3,16,8,15.39,37.0,36.0,17.791,1.58
2020,3,16,9,19.95,39.0,42.0,19.831,2.16
2020,3,16,10,22.99,43.0,47.0,21.834000000000003,2.83
2020,3,16,11,23.81,44.0,48.0,24.457000000000004,2.98
2020,3,16,12,24.08,44.0,49.0,23.06000000000001,3.0
2020,3,16,13,23.6,44.0,49.0,20.384,2.96
2020,3,16,14,21.44,43.0,47.0,14.084000000000005,2.32
2020,3,16,15,17.87,42.0,43.0,7.5550000000000015,1.53
2020,3,16,16,10.89,41.0,36.0,1.729,0.69
2020,3,16,17,3.64,41.0,39.0,0.035,0.05
2020,3,16,18,0.12,39.0,39.0,0.0,0.0
2020,3,17,6,2.27,33.0,28.0,4.2650000000000015,0.08
2020,3,17,7,7.06,42.0,45.0,8.629,0.7
2020,3,17,8,10.95,43.0,47.0,12.863,1.17
2020,3,17,9,18.42,40.0,41.0,14.059999999999995,1.86
2020,3,17,10,19.37,41.0,42.0,12.360999999999999,2.07
2020,3,17,11,18.88,40.0,42.0,12.094,1.55
2020,3,17,12,21.71,40.0,45.0,7.409000000000002,1.63
2020,3,17,13,10.98,39.0,37.0,4.7120000000000015,0.85
2020,3,17,14,7.47,39.0,41.0,4.114,0.78
2020,3,17,15,4.94,39.0,46.0,1.4229999999999998,0.63
2020,3,17,16,2.47,39.0,45.0,0.20200000000000007,0.07
2020,3,17,17,0.5,38.0,42.0,0.027000000000000003,0.0
2020,3,17,18,0.1,35.0,37.0,0.0,0.0
2020,3,18,6,3.11,32.0,28.0,3.279,0.0
2020,3,18,7,4.48,37.0,38.0,4.433000000000002,0.66
2020,3,18,8,6.5,40.0,48.0,8.7,1.16
2020,3,18,9,12.78,40.0,49.0,13.297,1.46
2020,3,18,10,20.57,40.0,42.0,11.111999999999998,1.76
2020,3,18,11,16.82,41.0,38.0,5.347999999999999,1.1
2020,3,18,12,10.25,41.0,41.0,7.225,0.82
2020,3,18,13,10.75,41.0,46.0,2.9690000000000003,0.88
2020,3,18,14,4.51,40.0,42.0,2.6839999999999997,0.57
2020,3,18,15,3.94,41.0,43.0,1.5930000000000002,0.19
2020,3,18,16,2.94,40.0,45.0,0.3620000000000001,0.09
2020,3,18,17,0.64,39.0,42.0,0.032,0.0
2020,3,18,18,0.08,38.0,39.0,0.0,0.0
2020,3,19,6,0.18,32.0,25.0,0.271,0.0
2020,3,19,7,1.63,34.0,31.0,1.3250000000000002,0.0
2020,3,19,8,2.17,37.0,36.0,1.7180000000000002,0.0
2020,3,19,9,2.64,38.0,39.0,1.1180000000000003,0.0
2020,3,19,10,1.94,38.0,39.0,5.6339999999999995,0.0
2020,3,19,11,9.49,41.0,45.0,7.874,0.76
2020,3,19,12,9.54,39.0,37.0,3.643,0.97
2020,3,19,13,8.07,41.0,39.0,1.105,0.51
2020,3,19,14,1.63,40.0,39.0,1.1740000000000002,0.06
2020,3,19,15,1.87,39.0,41.0,0.5740000000000001,0.0
2020,3,19,16,1.26,39.0,41.0,0.09800000000000003,0.0
2020,3,19,17,0.14,39.0,39.0,0.027000000000000003,0.0
2020,3,19,18,0.14,37.0,38.0,0.0,0.0
2020,3,20,6,2.7,34.0,29.0,4.224,0.06
2020,3,20,7,6.73,39.0,43.0,8.45,0.64
2020,3,20,8,11.09,40.0,46.0,8.977,1.26
2020,3,20,9,11.06,38.0,34.0,14.111999999999998,1.45
2020,3,20,10,21.28,40.0,42.0,12.127000000000002,2.28
2020,3,20,11,19.65,40.0,43.0,8.009,1.7
2020,3,20,12,10.65,39.0,36.0,12.597999999999999,1.09
2020,3,20,13,22.12,40.0,46.0,15.279000000000002,1.17
2020,3,20,14,20.16,40.0,43.0,8.642000000000001,1.51
2020,3,20,15,13.14,40.0,37.0,2.6039999999999996,0.8
2020,3,20,16,3.79,40.0,39.0,0.8010000000000003,0.28
2020,3,20,17,1.67,39.0,38.0,0.045,0.0
2020,3,20,18,0.12,38.0,37.0,0.0,0.0
2020,3,21,6,2.3,36.0,31.0,4.66,0.0
2020,3,21,7,7.25,43.0,48.0,9.15,0.67
2020,3,21,8,12.01,43.0,49.0,14.712999999999996,1.35
2020,3,21,9,16.12,42.0,42.0,3.5010000000000003,1.97
2020,3,21,10,16.95,42.0,42.0,32.46099999999999,2.4
2020,3,21,11,20.2,44.0,46.0,20.933999999999994,2.4
2020,3,21,12,20.99,45.0,47.0,15.495999999999999,2.47
2020,3,21,13,19.73,45.0,46.0,15.669999999999998,2.28
2020,3,21,14,17.02,43.0,43.0,10.238,1.77
2020,3,21,15,13.09,43.0,39.0,4.926,1.15
2020,3,21,16,6.23,41.0,39.0,1.0539999999999998,0.5
2020,3,21,17,2.37,41.0,42.0,0.038,0.0
2020,3,21,18,0.11,40.0,39.0,0.0,0.0
2020,3,22,6,2.2,37.0,31.0,4.223999999999998,0.0
2020,3,22,7,6.52,44.0,46.0,8.642000000000001,0.59
2020,3,22,8,13.39,44.0,49.0,14.182,1.25
2020,3,22,9,18.97,44.0,46.0,13.700999999999999,1.76
2020,3,22,10,22.31,45.0,46.0,20.706000000000003,1.72
2020,3,22,11,23.94,47.0,52.0,22.538000000000004,2.52
2020,3,22,12,23.64,48.0,53.0,19.913,3.0
2020,3,22,13,22.96,48.0,52.0,17.834,2.53
2020,3,22,14,19.94,47.0,49.0,12.447,2.13
2020,3,22,15,16.13,45.0,43.0,6.655,1.31
2020,3,22,16,9.49,42.0,38.0,1.5820000000000003,0.74
2020,3,22,17,3.15,41.0,39.0,0.05899999999999999,0.08
2020,3,22,18,0.12,41.0,39.0,0.0,0.0
2020,3,23,6,2.7,36.0,31.0,3.641,0.0
2020,3,23,7,4.43,39.0,41.0,5.2620000000000005,0.08
2020,3,23,8,9.16,40.0,46.0,6.209000000000001,0.61
2020,3,23,9,10.75,40.0,39.0,4.729,0.59
2020,3,23,10,5.81,40.0,45.0,7.609,0.6
2020,3,23,11,11.6,40.0,47.0,12.101,0.62
2020,3,23,12,17.65,38.0,38.0,11.517,0.79
2020,3,23,13,18.79,39.0,41.0,9.861,0.83
2020,3,23,14,11.73,38.0,36.0,6.231,0.91
2020,3,23,15,8.85,40.0,38.0,2.9810000000000003,0.54
2020,3,23,16,4.74,40.0,39.0,0.6850000000000002,0.0
2020,3,23,17,1.86,39.0,39.0,0.037000000000000005,0.0
2020,3,23,18,0.1,37.0,36.0,0.0,0.0
2020,3,24,5,0.0,28.0,21.0,1.173,0.0
2020,3,24,6,2.62,35.0,30.0,4.537,0.03
2020,3,24,7,6.99,41.0,46.0,9.927,0.75
2020,3,24,8,12.66,42.0,47.0,15.902,1.42
2020,3,24,9,17.41,42.0,42.0,18.583,2.03
2020,3,24,10,20.62,43.0,46.0,20.807,2.43
2020,3,24,11,21.71,42.0,47.0,17.168,2.91
2020,3,24,12,21.97,42.0,47.0,9.056,2.65
2020,3,24,13,11.55,40.0,37.0,6.236000000000001,1.34
2020,3,24,14,6.91,41.0,46.0,4.743000000000001,0.6
2020,3,24,15,6.54,42.0,49.0,2.092,0.6
2020,3,24,16,2.63,41.0,46.0,0.929,0.19
2020,3,24,17,1.75,40.0,43.0,0.04,0.0
2020,3,24,18,0.1,39.0,39.0,0.0,0.0
2020,3,25,6,1.89,36.0,30.0,4.583,0.06
2020,3,25,7,7.78,43.0,47.0,9.738999999999999,0.69
2020,3,25,8,12.42,43.0,43.0,3.7039999999999997,1.29
2020,3,25,9,14.03,43.0,39.0,0.0,1.99
2020,3,26,6,3.45,36.0,33.0,3.544,0.12
2020,3,26,7,5.47,40.0,43.0,8.942,0.6
2020,3,26,8,13.83,43.0,47.0,14.634000000000002,1.08
2020,3,26,9,17.19,46.0,46.0,0.0,2.28
2020,3,26,18,0.08,41.0,41.0,0.0,0.0
2020,3,27,5,0.0,29.0,25.0,1.061,0.0
2020,3,27,6,2.09,38.0,33.0,3.627,0.0
2020,3,27,7,8.75,43.0,46.0,9.669,0.37
2020,3,27,8,13.03,45.0,42.0,15.25,1.26
2020,3,27,9,17.92,47.0,47.0,20.918000000000003,1.39
2020,3,27,10,21.23,49.0,52.0,20.472,2.33
2020,3,27,11,21.88,49.0,53.0,19.731,2.33
2020,3,27,12,23.2,48.0,53.0,7.975000000000001,1.9
2020,3,27,13,10.51,47.0,43.0,5.204,0.77
2020,3,27,14,7.49,44.0,43.0,3.629,0.62
2020,3,27,15,6.77,45.0,49.0,2.4090000000000003,0.45
2020,3,27,16,3.81,44.0,49.0,1.3090000000000002,0.39
2020,3,27,17,2.54,44.0,49.0,0.05,0.0
2020,3,27,18,0.16,43.0,46.0,0.0,0.0
2020,3,28,6,0.41,33.0,28.0,0.9710000000000004,0.0
2020,3,28,7,1.16,35.0,31.0,0.9449999999999998,0.0
2020,3,28,8,2.12,35.0,34.0,1.63,0.0
2020,3,28,9,2.65,35.0,35.0,3.2460000000000004,0.07
2020,3,28,10,5.48,37.0,41.0,8.655999999999999,0.11
2020,3,28,11,16.56,35.0,39.0,2.8569999999999998,0.58
2020,3,28,12,4.35,35.0,33.0,2.839,0.36
2020,3,28,13,6.9,35.0,37.0,3.264,0.12
2020,3,28,14,5.4,33.0,37.0,3.2349999999999994,0.24
2020,3,28,15,4.87,34.0,38.0,3.0839999999999996,0.24
2020,3,28,16,5.12,34.0,38.0,1.395,0.25
2020,3,28,17,3.05,34.0,37.0,0.053,0.0
2020,3,28,18,0.13,32.0,33.0,0.0,0.0
2020,3,29,5,0.0,24.0,18.0,0.278,0.0
2020,3,29,6,0.69,29.0,24.0,3.4770000000000003,0.0
2020,3,29,7,6.8,32.0,33.0,5.7799999999999985,0.43
2020,3,29,8,7.93,35.0,36.0,6.277,0.6
2020,3,29,9,7.07,36.0,43.0,9.137,0.6
2020,3,29,10,12.54,36.0,46.0,11.741,1.02
2020,3,29,11,13.09,35.0,32.0,11.835,1.22
2020,3,29,12,14.28,35.0,33.0,20.353,1.22
2020,3,29,13,26.04,39.0,46.0,19.847,1.75
2020,3,29,14,21.44,40.0,43.0,14.552999999999995,2.34
2020,3,29,15,17.45,39.0,41.0,4.434,1.49
2020,3,29,16,11.05,39.0,33.0,0.19500000000000006,0.28
2020,3,29,17,0.59,37.0,34.0,0.031,0.0
2020,3,29,18,0.1,35.0,33.0,0.0,0.0
2020,3,30,5,0.0,28.0,21.0,0.221,0.0
2020,3,30,6,0.69,33.0,28.0,0.6050000000000001,0.0
2020,3,30,7,0.9,35.0,31.0,1.749,0.0
2020,3,30,8,2.42,36.0,36.0,2.7470000000000003,0.0
2020,3,30,9,3.53,37.0,39.0,2.5660000000000003,0.1
2020,3,30,10,3.18,37.0,40.0,1.735,0.22
2020,3,30,11,1.99,38.0,39.0,3.4890000000000003,0.0
2020,3,30,12,5.22,39.0,43.0,2.5420000000000003,0.21
2020,3,30,13,3.71,38.0,42.0,1.973,0.15
2020,3,30,14,3.62,38.0,42.0,0.956,0.0
2020,3,30,15,1.44,38.0,41.0,0.29700000000000004,0.0
2020,3,30,16,0.7,37.0,38.0,0.13400000000000006,0.0
2020,3,30,17,0.37,35.0,36.0,0.035,0.0
2020,3,30,18,0.11,34.0,33.0,0.0,0.0
2020,3,31,5,0.17,28.0,21.0,0.15100000000000002,0.0
2020,3,31,6,0.59,32.0,25.0,0.9559999999999996,0.0
2020,3,31,7,2.14,34.0,31.0,2.1590000000000003,0.0
2020,3,31,8,3.9,36.0,38.0,7.117999999999999,0.07
2020,3,31,9,17.43,39.0,47.0,18.692999999999998,0.9
2020,3,31,10,20.6,42.0,46.0,20.657,2.49
2020,3,31,11,23.17,43.0,47.0,8.129,2.61
2020,3,31,12,22.19,44.0,45.0,12.011,0.86
2020,3,31,13,16.42,39.0,38.0,13.745,1.28
2020,3,31,14,19.84,40.0,42.0,10.547,0.75
2020,3,31,15,12.62,39.0,36.0,4.795000000000001,0.6
2020,3,31,16,8.89,40.0,36.0,0.7910000000000003,0.51
2020,3,31,17,2.21,39.0,38.0,0.042,0.0
2020,3,31,18,0.09,39.0,38.0,0.0,0.0
2020,4,1,6,0.43,31.0,25.0,1.101,0.0
2020,4,1,7,2.16,33.0,30.0,3.208,0.0
2020,4,1,8,3.83,35.0,37.0,4.904,0.48
2020,4,1,9,6.25,37.0,46.0,4.394,0.6
2020,4,1,10,5.27,38.0,46.0,4.534000000000002,0.6
2020,4,1,11,5.46,38.0,46.0,6.6560000000000015,0.6
2020,4,1,12,8.6,38.0,48.0,10.849000000000002,0.6
2020,4,1,13,15.03,37.0,33.0,11.913,0.97
2020,4,1,14,16.79,35.0,36.0,8.729,1.19
2020,4,1,15,15.49,36.0,33.0,2.5569999999999995,0.38
2020,4,1,16,3.64,36.0,33.0,1.411,0.0
2020,4,1,17,2.07,35.0,34.0,0.065,0.0
2020,4,1,18,0.15,33.0,31.0,0.0,0.0
2020,4,2,6,1.09,29.0,21.0,1.1639999999999997,0.0
2020,4,2,7,2.28,31.0,27.0,1.5909999999999995,0.0
2020,4,2,8,4.77,32.0,33.0,3.2239999999999998,0.07
2020,4,2,9,5.97,34.0,38.0,8.392999999999999,0.42
2020,4,2,10,13.37,34.0,42.0,9.829,0.98
2020,4,2,11,16.25,38.0,36.0,9.564,0.72
2020,4,2,12,17.58,36.0,36.0,9.865,0.66
2020,4,2,13,20.71,40.0,42.0,2.4590000000000005,1.68
2020,4,2,14,3.91,40.0,36.0,2.515,0.07
2020,4,2,15,3.24,38.0,39.0,1.52,0.0
2020,4,2,16,2.05,38.0,39.0,0.4290000000000001,0.0
2020,4,2,17,1.37,37.0,37.0,0.052000000000000005,0.0
2020,4,2,18,0.12,36.0,34.0,0.0,0.0
2020,4,3,5,0.0,28.0,21.0,0.7180000000000001,0.0
2020,4,3,6,1.53,33.0,28.0,1.909,0.0
2020,4,3,7,4.65,35.0,36.0,3.6560000000000006,0.11
2020,4,3,8,4.94,38.0,42.0,4.112,0.29
2020,4,3,9,5.61,39.0,47.0,14.604,0.6
2020,4,3,10,23.46,39.0,47.0,20.541999999999998,1.86
2020,4,3,11,24.36,41.0,46.0,16.939000000000004,2.93
2020,4,3,12,23.13,41.0,46.0,6.7360000000000015,2.1
2020,4,3,13,11.15,39.0,36.0,3.6830000000000003,1.0
2020,4,3,14,5.82,39.0,39.0,1.325,0.6
2020,4,3,15,2.14,38.0,38.0,0.677,0.05
2020,4,3,16,0.91,36.0,36.0,0.17600000000000005,0.0
2020,4,3,17,0.35,35.0,34.0,0.036000000000000004,0.0
2020,4,3,18,0.1,34.0,31.0,0.0,0.0
2020,4,4,6,1.63,31.0,27.0,2.272,0.0
2020,4,4,7,5.99,34.0,35.0,8.312999999999999,0.29
2020,4,4,8,17.15,36.0,36.0,6.122999999999999,0.69
2020,4,4,9,11.21,37.0,38.0,7.848,0.71
2020,4,4,10,10.41,37.0,36.0,5.9110000000000005,0.67
2020,4,4,11,9.27,37.0,38.0,4.443999999999999,0.6
2020,4,4,12,6.81,37.0,41.0,6.350999999999999,0.6
2020,4,4,13,8.82,37.0,42.0,5.4110000000000005,0.63
2020,4,4,14,12.26,37.0,38.0,2.744,0.6
2020,4,4,15,5.66,36.0,37.0,0.7700000000000002,0.18
2020,4,4,16,1.03,35.0,36.0,0.5559999999999999,0.0
2020,4,4,17,0.99,35.0,34.0,0.045,0.0
2020,4,4,18,0.1,34.0,33.0,0.0,0.0
2020,4,5,5,0.16,28.0,20.0,1.005,0.0
2020,4,5,6,2.34,32.0,28.0,3.0250000000000004,0.0
2020,4,5,7,4.6,35.0,35.0,6.362,0.46
2020,4,5,8,10.44,36.0,37.0,12.587,0.74
2020,4,5,9,18.99,37.0,39.0,13.125000000000005,1.76
2020,4,5,10,23.29,37.0,41.0,7.665000000000003,1.32
2020,4,5,11,11.86,38.0,34.0,2.527,0.93
2020,4,5,12,5.85,38.0,36.0,1.416,0.17
2020,4,5,13,1.7,36.0,33.0,0.9510000000000004,0.0
2020,4,5,14,1.22,35.0,34.0,1.113,0.0
2020,4,5,15,1.62,32.0,34.0,1.19,0.0
2020,4,5,16,1.42,32.0,34.0,0.4900000000000001,0.0
2020,4,5,17,0.71,31.0,30.0,0.045999999999999985,0.0
2020,4,5,18,0.1,31.0,28.0,0.0,0.0
2020,4,6,5,0.12,28.0,21.0,1.1349999999999998,0.0
2020,4,6,6,2.58,32.0,28.0,3.207,0.0
2020,4,6,7,4.89,35.0,37.0,6.837000000000001,0.58
2020,4,6,8,11.87,36.0,43.0,13.459000000000001,0.9
2020,4,6,9,18.92,37.0,39.0,12.326,1.58
2020,4,6,10,16.13,38.0,39.0,6.0329999999999995,1.59
2020,4,6,11,9.69,39.0,42.0,3.9979999999999993,0.81
2020,4,6,12,5.17,39.0,43.0,4.663,0.6
2020,4,6,13,6.4,39.0,48.0,2.426999999999999,0.6
2020,4,6,14,3.74,39.0,48.0,3.42,0.09
2020,4,6,15,4.4,36.0,45.0,1.755,0.37
2020,4,6,16,3.12,36.0,45.0,0.4490000000000001,0.19
2020,4,6,17,0.79,35.0,39.0,0.044999999999999984,0.0
2020,4,6,18,0.1,33.0,36.0,0.0,0.0
2020,4,7,5,0.0,22.0,18.0,0.17400000000000002,0.0
2020,4,7,6,0.46,30.0,24.0,0.8640000000000001,0.0
2020,4,7,7,1.12,31.0,29.0,2.9880000000000004,0.0
2020,4,7,8,6.31,33.0,37.0,8.472999999999999,0.06
2020,4,7,9,10.53,33.0,38.0,10.668,0.76
2020,4,7,10,21.58,34.0,36.0,11.183,1.13
2020,4,7,11,14.06,36.0,33.0,8.039000000000001,1.35
2020,4,7,12,17.64,37.0,35.0,7.502000000000002,0.82
2020,4,7,13,9.67,36.0,31.0,5.556999999999999,0.71
2020,4,7,14,7.63,36.0,42.0,3.809,0.6
2020,4,7,15,6.18,36.0,35.0,2.2769999999999997,0.41
2020,4,7,16,2.88,36.0,36.0,0.8610000000000003,0.16
2020,4,7,17,1.43,35.0,36.0,0.11400000000000003,0.0
2020,4,7,18,0.46,34.0,34.0,0.0,0.0
2020,4,8,5,0.25,29.0,21.0,1.486,0.0
2020,4,8,6,2.42,33.0,29.0,5.0840000000000005,0.15
2020,4,8,7,9.2,38.0,42.0,9.433000000000002,0.65
2020,4,8,8,13.65,36.0,36.0,13.204999999999998,1.07
2020,4,8,9,18.97,37.0,37.0,18.899,0.87
2020,4,8,10,24.75,40.0,46.0,15.873,1.49
2020,4,8,11,21.82,40.0,43.0,10.205000000000002,1.23
2020,4,8,12,15.19,38.0,37.0,12.624,1.18
2020,4,8,13,15.4,37.0,37.0,7.627999999999999,1.12
2020,4,8,14,10.9,39.0,35.0,5.812000000000001,0.82
2020,4,8,15,7.95,39.0,42.0,5.196000000000001,0.64
2020,4,8,16,5.81,39.0,46.0,1.419,0.31
2020,4,8,17,2.75,39.0,46.0,0.06,0.0
2020,4,8,18,0.13,37.0,40.0,0.0,0.0
2020,4,9,5,0.12,29.0,21.0,0.733,0.0
2020,4,9,6,1.54,34.0,29.0,1.834,0.0
2020,4,9,7,2.61,36.0,35.0,5.091,0.08
2020,4,9,8,9.91,38.0,42.0,10.236,0.48
2020,4,9,9,21.3,37.0,42.0,18.988,1.03
2020,4,9,10,24.2,41.0,45.0,23.774,2.45
2020,4,9,11,25.71,44.0,51.0,23.666,2.63
2020,4,9,12,24.48,45.0,51.0,22.703,2.12
2020,4,9,13,23.88,45.0,51.0,19.980999999999998,2.51
2020,4,9,14,21.08,44.0,48.0,15.536,2.45
2020,4,9,15,17.98,40.0,42.0,8.097999999999999,1.59
2020,4,9,16,11.6,37.0,36.0,2.6839999999999997,0.92
2020,4,9,17,4.84,38.0,33.0,0.11400000000000003,0.27
2020,4,9,18,0.4,37.0,33.0,0.0,0.0
2020,4,10,5,0.46,29.0,21.0,1.7889999999999997,0.0
2020,4,10,6,3.38,37.0,33.0,6.367999999999999,0.3
2020,4,10,7,9.41,42.0,46.0,12.245,0.68
2020,4,10,8,15.22,43.0,41.0,17.397000000000002,1.82
2020,4,10,9,19.76,44.0,46.0,21.394000000000002,2.51
2020,4,10,10,23.0,44.0,49.0,24.296000000000006,3.0
2020,4,10,11,24.38,43.0,51.0,22.605999999999998,3.0
2020,4,10,12,24.49,43.0,52.0,24.509,3.0
2020,4,10,13,23.59,43.0,51.0,18.463,2.99
2020,4,10,14,20.83,43.0,47.0,14.407000000000002,2.29
2020,4,10,15,16.86,42.0,43.0,7.6770000000000005,1.6
2020,4,10,16,10.61,41.0,36.0,2.4830000000000005,0.75
2020,4,10,17,4.5,43.0,42.0,0.10000000000000003,0.25
2020,4,10,18,0.41,41.0,42.0,0.0,0.0
2020,4,11,5,0.24,31.0,24.0,0.877,0.0
2020,4,11,6,2.43,35.0,31.0,4.335,0.06
2020,4,11,7,6.1,41.0,45.0,3.2689999999999997,0.6
2020,4,11,8,4.78,41.0,46.0,2.8589999999999995,0.83
2020,4,11,9,3.39,40.0,46.0,2.026,0.17
2020,4,11,10,2.8,39.0,46.0,3.1660000000000004,0.0
2020,4,11,11,5.09,40.0,47.0,1.6019999999999999,0.24
2020,4,11,12,2.91,40.0,47.0,1.007,0.17
2020,4,11,13,1.58,39.0,43.0,0.6819999999999999,0.0
2020,4,11,14,1.26,37.0,39.0,0.3300000000000001,0.0
2020,4,11,15,0.81,35.0,36.0,0.44799999999999995,0.0
2020,4,11,16,1.22,33.0,34.0,0.2380000000000001,0.0
2020,4,11,17,0.52,34.0,34.0,0.044999999999999984,0.0
2020,4,11,18,0.11,34.0,34.0,0.0,0.0
2020,4,12,6,0.23,28.0,24.0,0.7949999999999999,0.0
2020,4,12,7,1.2,30.0,28.0,1.7719999999999998,0.0
2020,4,12,8,2.61,31.0,31.0,1.4389999999999998,0.0
2020,4,12,9,1.96,31.0,31.0,2.7910000000000004,0.0
2020,4,12,10,4.98,33.0,37.0,5.406999999999999,0.24
2020,4,12,11,6.75,35.0,43.0,5.165,0.6
2020,4,12,12,9.42,36.0,47.0,12.254,0.6
2020,4,12,13,16.08,34.0,37.0,10.599,1.24
2020,4,12,14,17.08,33.0,33.0,15.154000000000002,0.86
2020,4,12,15,26.1,34.0,42.0,10.478000000000002,1.57
2020,4,12,16,13.61,33.0,31.0,2.853,1.07
2020,4,12,17,5.31,33.0,30.0,0.17200000000000004,0.3
2020,4,12,18,0.63,33.0,31.0,0.0,0.0
2020,4,13,5,0.78,23.0,18.0,2.133,0.0
2020,4,13,6,4.2,32.0,28.0,7.292000000000001,0.41
2020,4,13,7,10.82,38.0,39.0,13.798999999999998,1.2
2020,4,13,8,16.68,41.0,37.0,19.020000000000003,2.0
2020,4,13,9,21.15,41.0,43.0,20.893,2.68
2020,4,13,10,24.06,41.0,47.0,26.462,2.87
2020,4,13,11,25.72,41.0,49.0,23.493,3.51
2020,4,13,12,26.0,42.0,49.0,27.079,3.59
2020,4,13,13,25.47,41.0,49.0,21.145000000000003,2.05
2020,4,13,14,23.25,40.0,46.0,16.979,2.59
2020,4,13,15,18.89,38.0,41.0,8.991999999999997,1.82
2020,4,13,16,12.45,35.0,33.0,2.8360000000000003,0.97
2020,4,13,17,5.14,35.0,31.0,0.20199999999999999,0.25
2020,4,13,18,0.76,34.0,31.0,0.0,0.0
2020,4,14,5,0.97,26.0,20.0,2.267,0.0
2020,4,14,6,3.94,33.0,30.0,6.662000000000001,0.29
2020,4,14,7,10.39,39.0,42.0,11.681,1.02
2020,4,14,8,14.48,40.0,36.0,16.864,1.79
2020,4,14,9,19.5,43.0,43.0,19.742,2.49
2020,4,14,10,21.13,44.0,46.0,21.514000000000006,2.95
2020,4,14,11,23.53,45.0,48.0,14.482000000000001,2.66
2020,4,14,12,18.3,43.0,42.0,12.775000000000002,1.96
2020,4,14,13,15.7,42.0,41.0,7.794,1.69
2020,4,14,14,10.24,42.0,36.0,7.858999999999999,1.12
2020,4,14,15,12.56,42.0,43.0,4.363,0.9
2020,4,14,16,5.83,42.0,43.0,1.6229999999999998,0.6
2020,4,14,17,3.26,42.0,46.0,0.069,0.03
2020,4,14,18,0.16,40.0,42.0,0.0,0.0
2020,4,15,5,0.15,30.0,21.0,1.082,0.0
2020,4,15,6,2.46,34.0,30.0,4.787,0.05
2020,4,15,7,8.87,39.0,38.0,8.107999999999999,0.77
2020,4,15,8,14.01,39.0,38.0,9.146999999999998,1.27
2020,4,15,9,16.55,39.0,38.0,12.587000000000002,1.42
2020,4,15,10,26.37,42.0,47.0,23.594,2.02
2020,4,15,11,26.2,44.0,49.0,21.837,3.09
2020,4,15,12,25.88,44.0,51.0,22.955,3.29
2020,4,15,13,23.78,43.0,49.0,21.358,3.0
2020,4,15,14,21.68,43.0,47.0,14.949000000000002,2.47
2020,4,15,15,17.5,42.0,43.0,9.133,1.48
2020,4,15,16,11.8,39.0,36.0,2.8390000000000004,0.9
2020,4,15,17,5.08,40.0,39.0,0.16000000000000006,0.18
2020,4,15,18,0.61,39.0,39.0,0.0,0.0
2020,4,16,5,1.06,28.0,22.0,2.052,0.0
2020,4,16,6,4.04,37.0,33.0,6.7959999999999985,0.43
2020,4,16,7,9.66,43.0,46.0,12.318,1.09
2020,4,16,8,15.42,44.0,39.0,17.642,1.91
2020,4,16,9,20.65,45.0,46.0,22.191999999999997,2.69
2020,4,16,10,22.68,46.0,49.0,23.58,3.0
2020,4,16,11,24.05,46.0,52.0,23.339000000000002,3.58
2020,4,16,12,24.23,47.0,52.0,22.998000000000005,3.57
2020,4,16,13,24.03,46.0,52.0,20.207,3.0
2020,4,16,14,21.92,44.0,49.0,17.348000000000006,2.56
2020,4,16,15,18.33,43.0,43.0,9.093,1.83
2020,4,16,16,12.42,39.0,37.0,3.1460000000000004,1.06
2020,4,16,17,5.53,40.0,38.0,0.23000000000000004,0.29
2020,4,16,18,0.8,39.0,39.0,0.0,0.0
2020,4,17,5,0.91,30.0,24.0,2.094,0.0
2020,4,17,6,4.04,38.0,35.0,6.65,0.41
2020,4,17,7,9.77,45.0,48.0,12.723,1.05
2020,4,17,8,15.53,48.0,43.0,17.487000000000002,1.96
2020,4,17,9,19.64,49.0,47.0,21.016,2.49
2020,4,17,10,22.27,48.0,52.0,23.285,3.0
2020,4,17,11,23.46,49.0,54.0,21.395,3.29
2020,4,17,12,23.78,49.0,54.0,22.823,3.14
2020,4,17,13,22.8,48.0,52.0,19.56,2.55
2020,4,17,14,20.92,47.0,49.0,15.400999999999998,1.54
2020,4,17,15,17.55,45.0,46.0,8.997000000000002,1.41
2020,4,17,16,11.7,43.0,39.0,2.983,0.92
2020,4,17,17,5.05,43.0,42.0,0.22899999999999998,0.27
2020,4,17,18,0.77,42.0,42.0,0.0,0.0
2020,4,18,5,0.86,31.0,25.0,2.151,0.0
2020,4,18,6,4.33,39.0,36.0,5.692,0.33
2020,4,18,7,7.93,44.0,47.0,10.932,0.98
2020,4,18,8,13.24,46.0,41.0,15.075,1.22
2020,4,18,9,18.16,48.0,45.0,8.119,2.06
2020,4,18,10,22.55,47.0,47.0,0.0,2.34
2020,4,18,15,5.66,42.0,35.0,5.190999999999999,1.08
2020,4,18,16,6.28,44.0,48.0,1.565,0.6
2020,4,18,17,2.69,43.0,48.0,0.11,0.06
2020,4,18,18,0.3,42.0,45.0,0.0,0.0
2020,4,19,5,0.14,35.0,28.0,0.7120000000000001,0.0
2020,4,19,6,2.25,38.0,33.0,3.7969999999999997,0.0
2020,4,19,7,5.29,42.0,46.0,4.526,0.5
2020,4,19,8,6.12,43.0,48.0,4.509,0.6
2020,4,19,9,7.33,43.0,49.0,5.997000000000001,0.65
2020,4,19,10,9.94,44.0,49.0,18.019000000000002,0.65
2020,4,19,11,25.9,45.0,52.0,15.939,0.91
2020,4,19,12,23.49,47.0,53.0,14.664000000000001,0.97
2020,4,19,13,20.81,45.0,47.0,16.718,0.64
2020,4,19,14,20.06,44.0,48.0,12.976,0.8
2020,4,19,15,14.21,43.0,42.0,7.307,0.92
2020,4,19,16,9.91,43.0,39.0,2.611,0.8
2020,4,19,17,4.54,44.0,45.0,0.17700000000000005,0.28
2020,4,19,18,0.54,42.0,43.0,0.0,0.0
2020,4,20,5,0.16,36.0,28.0,2.301,0.0
2020,4,20,6,3.95,42.0,39.0,6.062,0.12
2020,4,20,7,9.84,45.0,48.0,6.834000000000001,0.7
2020,4,20,8,9.05,45.0,40.0,11.887999999999998,0.93
2020,4,20,9,19.62,43.0,46.0,20.804000000000002,1.52
2020,4,20,10,22.05,46.0,49.0,23.586,2.15
2020,4,20,11,25.67,46.0,53.0,23.464000000000002,2.87
2020,4,20,12,25.38,46.0,52.0,20.546000000000006,3.23
2020,4,20,13,23.17,47.0,52.0,18.729,2.82
2020,4,20,14,19.88,46.0,49.0,14.109000000000002,2.37
2020,4,20,15,16.16,45.0,46.0,7.325000000000001,1.66
2020,4,20,16,10.03,44.0,39.0,2.26,0.78
2020,4,20,17,3.57,44.0,43.0,0.1920000000000001,0.15
2020,4,20,18,0.73,43.0,43.0,0.0,0.0
2020,4,21,5,0.3,35.0,28.0,1.058,0.0
2020,4,21,6,2.12,37.0,35.0,2.516,0.0
2020,4,21,7,4.16,40.0,41.0,3.076,0.21
2020,4,21,8,3.96,41.0,46.0,5.672999999999999,0.52
2020,4,21,9,9.29,42.0,49.0,11.027000000000001,0.59
2020,4,21,10,17.05,42.0,42.0,11.585999999999999,1.23
2020,4,21,11,18.11,44.0,45.0,4.242,0.65
2020,4,21,12,7.44,43.0,38.0,2.21,0.63
2020,4,21,13,3.4,41.0,39.0,2.7299999999999995,0.14
2020,4,21,14,3.5,38.0,41.0,1.5629999999999995,0.07
2020,4,21,15,3.1,39.0,39.0,0.8740000000000001,0.0
2020,4,21,16,1.33,38.0,37.0,0.24400000000000005,0.0
2020,4,21,17,0.51,37.0,36.0,0.051,0.0
2020,4,21,18,0.11,36.0,35.0,0.0,0.0
2020,4,22,5,0.36,31.0,24.0,0.6980000000000002,0.0
2020,4,22,6,1.35,33.0,28.0,1.37,0.0
2020,4,22,7,2.32,34.0,31.0,3.7689999999999997,0.01
2020,4,22,8,6.04,35.0,37.0,4.968000000000001,0.53
2020,4,22,9,8.92,37.0,41.0,8.047,0.6
2020,4,22,10,11.89,36.0,35.0,10.856,0.67
2020,4,22,11,25.33,36.0,39.0,20.372,1.16
2020,4,22,12,26.13,38.0,45.0,17.808999999999994,2.15
2020,4,22,13,25.57,40.0,48.0,8.6,2.14
2020,4,22,14,10.31,38.0,33.0,4.019,1.32
2020,4,22,15,5.86,38.0,36.0,2.036,0.51
2020,4,22,16,2.81,37.0,36.0,0.551,0.01
2020,4,22,17,0.83,36.0,34.0,0.056,0.0
2020,4,22,18,0.13,35.0,31.0,0.0,0.0
2020,4,23,5,0.11,29.0,21.0,0.363,0.0
2020,4,23,6,0.98,31.0,25.0,2.414,0.0
2020,4,23,7,3.48,34.0,31.0,5.1720000000000015,0.27
2020,4,23,8,8.31,34.0,37.0,10.164,1.01
2020,4,23,9,21.69,34.0,39.0,10.446000000000002,1.24
2020,4,23,10,11.82,34.0,33.0,9.585,1.49
2020,4,23,11,15.0,35.0,35.0,16.217,2.15
2020,4,23,12,20.98,38.0,40.0,5.7410000000000005,1.46
2020,4,23,13,9.26,38.0,36.0,6.236999999999999,0.61
2020,4,23,14,7.76,38.0,42.0,3.933,0.6
2020,4,23,15,4.47,37.0,38.0,2.5580000000000003,0.25
2020,4,23,16,4.79,37.0,39.0,0.4220000000000001,0.17
2020,4,23,17,0.76,36.0,36.0,0.043,0.0
2020,4,23,18,0.1,32.0,31.0,0.0,0.0
2020,4,24,5,0.15,28.0,21.0,0.262,0.0
2020,4,24,6,0.77,31.0,25.0,1.9469999999999998,0.0
2020,4,24,7,4.06,33.0,31.0,2.4210000000000003,0.24
2020,4,24,8,3.23,34.0,33.0,4.5,0.17
2020,4,24,9,6.87,36.0,41.0,6.0539999999999985,0.53
2020,4,24,10,8.34,35.0,42.0,3.648,0.67
2020,4,24,11,5.59,36.0,37.0,6.879999999999999,0.32
2020,4,24,12,10.85,35.0,41.0,12.498,0.8
2020,4,24,13,16.69,35.0,36.0,6.2040000000000015,0.83
2020,4,24,14,8.29,37.0,36.0,5.1560000000000015,0.6
2020,4,24,15,7.03,36.0,38.0,2.705,0.6
2020,4,24,16,3.17,36.0,33.0,1.0029999999999997,0.15
2020,4,24,17,1.36,35.0,34.0,0.08400000000000002,0.0
2020,4,24,18,0.12,34.0,34.0,0.0,0.0
2020,4,25,5,0.66,29.0,21.0,1.844,0.0
2020,4,25,6,3.1,34.0,31.0,3.606,0.0
2020,4,25,7,4.13,38.0,42.0,6.3020000000000005,0.26
2020,4,25,8,9.72,39.0,46.0,8.962,0.6
2020,4,25,9,10.47,39.0,34.0,7.848999999999998,0.65
2020,4,25,10,10.96,38.0,34.0,13.672,0.68
2020,4,25,11,18.81,42.0,42.0,12.72,1.12
2020,4,25,12,15.68,43.0,39.0,11.612,1.41
2020,4,25,13,13.19,41.0,37.0,11.758,1.15
2020,4,25,14,15.25,41.0,39.0,7.2280000000000015,1.05
2020,4,25,15,9.6,42.0,38.0,6.074999999999998,0.83
2020,4,25,16,8.97,41.0,38.0,1.868,0.53
2020,4,25,17,3.34,41.0,42.0,0.13399999999999998,0.07
2020,4,25,18,0.51,40.0,42.0,0.0,0.0
2020,4,26,5,0.0,29.0,21.0,0.30100000000000005,0.0
2020,4,26,6,0.84,34.0,29.0,0.738,0.0
2020,4,26,7,1.17,36.0,34.0,1.4680000000000002,0.13
2020,4,26,8,2.98,37.0,38.0,2.031,0.17
2020,4,26,9,2.92,38.0,42.0,4.013,0.51
2020,4,26,10,7.54,40.0,48.0,13.579,0.55
2020,4,26,11,25.93,40.0,46.0,13.522,0.6
2020,4,26,12,17.6,42.0,42.0,15.035999999999998,1.15
2020,4,26,13,22.01,41.0,43.0,10.621,1.39
2020,4,26,14,18.81,41.0,42.0,10.758,1.42
2020,4,26,15,12.46,41.0,41.0,4.927999999999999,1.21
2020,4,26,16,6.84,42.0,42.0,1.818,0.65
2020,4,26,17,2.92,41.0,43.0,0.11199999999999999,0.0
2020,4,26,18,0.33,40.0,42.0,0.0,0.0
2020,4,27,5,0.11,33.0,25.0,1.158,0.0
2020,4,27,6,1.63,36.0,33.0,2.441,0.0
2020,4,27,7,3.67,39.0,39.0,4.0600000000000005,0.23
2020,4,27,8,5.58,41.0,46.0,2.7969999999999997,0.6
2020,4,27,9,3.52,41.0,47.0,5.07,0.17
2020,4,27,10,7.2,42.0,49.0,5.746,0.37
2020,4,27,11,8.34,43.0,49.0,13.487000000000002,0.61
2020,4,27,12,18.79,43.0,42.0,18.729000000000006,1.24
2020,4,27,13,21.57,45.0,48.0,15.593,1.53
2020,4,27,14,23.06,45.0,49.0,12.657,2.06
2020,4,27,15,18.82,44.0,43.0,9.407,1.51
2020,4,27,16,12.96,42.0,38.0,2.658,0.9
2020,4,27,17,5.38,42.0,37.0,0.28400000000000003,0.26
2020,4,27,18,0.9,41.0,39.0,0.0,0.0
2020,4,28,5,1.1,34.0,28.0,2.4930000000000003,0.0
2020,4,28,6,5.33,42.0,38.0,7.818,0.59
2020,4,28,7,11.51,43.0,42.0,12.358,1.34
2020,4,28,8,20.54,44.0,43.0,18.09,1.78
2020,4,28,9,22.39,45.0,51.0,22.75,2.55
2020,4,28,10,26.35,47.0,54.0,17.039,2.71
2020,4,28,11,25.92,47.0,55.0,21.651,2.46
2020,4,28,12,26.01,47.0,57.0,20.149,2.86
2020,4,28,13,25.96,48.0,58.0,20.272,2.5
2020,4,28,14,26.05,47.0,57.0,16.407,2.5
2020,4,28,15,19.19,45.0,49.0,9.734,1.98
2020,4,28,16,14.93,42.0,43.0,4.114,0.99
2020,4,28,17,8.87,42.0,37.0,0.46299999999999997,0.37
2020,4,28,18,1.3,41.0,37.0,0.0,0.0
2020,4,29,5,1.23,33.0,28.0,1.6900000000000002,0.0
2020,4,29,6,2.39,37.0,36.0,3.949,0.32
2020,4,29,7,5.01,41.0,45.0,12.357,0.75
2020,4,29,8,15.48,47.0,42.0,13.934,2.03
2020,4,29,9,19.6,49.0,48.0,0.0,2.61
2020,4,29,11,25.01,48.0,54.0,22.845,3.34
2020,4,29,12,25.04,49.0,55.0,24.963,3.46
2020,4,29,13,24.0,49.0,54.0,19.306,2.89
2020,4,29,14,21.52,47.0,52.0,16.542,2.6
2020,4,29,15,18.24,45.0,47.0,9.885,1.91
2020,4,29,16,12.42,42.0,41.0,3.318,1.04
2020,4,29,17,5.25,42.0,41.0,0.21900000000000006,0.39
2020,4,29,18,0.61,41.0,41.0,0.0,0.0
2020,4,30,5,1.09,32.0,25.0,2.521,0.0
2020,4,30,6,4.43,40.0,38.0,6.691000000000002,0.41
2020,4,30,7,11.86,45.0,48.0,11.479,1.19
2020,4,30,8,16.04,46.0,42.0,7.385,1.74
2020,4,30,9,17.92,48.0,46.0,0.0,2.57
2020,5,1,5,0.46,33.0,25.0,1.27,0.0
2020,5,1,6,2.44,37.0,33.0,4.309,0.0
2020,5,1,7,5.5,42.0,46.0,6.315,0.6
2020,5,1,8,8.03,43.0,49.0,15.051000000000002,0.74
2020,5,1,9,25.85,47.0,51.0,17.214000000000002,2.03
2020,5,1,10,25.51,47.0,53.0,20.424,3.08
2020,5,1,11,24.46,48.0,51.0,18.954,3.06
2020,5,1,12,26.12,48.0,51.0,18.18,2.86
2020,5,1,13,24.19,47.0,52.0,12.559,2.7
2020,5,1,14,18.84,47.0,47.0,12.061999999999998,1.58
2020,5,1,15,18.05,42.0,42.0,9.767999999999997,1.18
2020,5,1,16,15.13,44.0,42.0,2.3080000000000003,0.81
2020,5,1,17,3.8,44.0,43.0,0.206,0.12
2020,5,1,18,0.54,42.0,43.0,0.0,0.0
2020,5,2,5,0.94,35.0,28.0,2.234,0.0
2020,5,2,6,5.04,42.0,41.0,6.656999999999999,0.28
2020,5,2,7,12.09,45.0,42.0,8.36,0.88
2020,5,2,8,17.22,46.0,42.0,8.982999999999999,1.18
2020,5,2,9,10.86,46.0,39.0,16.772000000000002,1.26
2020,5,2,10,24.13,47.0,52.0,13.687,2.39
2020,5,2,11,23.02,48.0,53.0,0.0,3.11
2020,5,3,5,1.62,39.0,31.0,3.451,0.0
2020,5,3,6,5.78,47.0,47.0,8.823,0.33
2020,5,3,7,11.37,50.0,49.0,11.657,0.65
2020,5,3,8,15.64,52.0,46.0,14.597000000000001,1.63
2020,5,3,9,19.47,49.0,49.0,21.833000000000002,1.29
2020,5,3,10,21.88,51.0,54.0,22.458,2.61
2020,5,3,11,22.92,52.0,57.0,23.761999999999997,2.61
2020,5,3,12,23.33,51.0,55.0,20.432,3.14
2020,5,3,13,22.87,49.0,55.0,20.303,3.0
2020,5,3,14,21.07,49.0,52.0,15.785000000000002,2.59
2020,5,3,15,17.49,49.0,49.0,9.911,1.92
2020,5,3,16,11.85,44.0,42.0,2.124,1.01
2020,5,3,17,5.25,46.0,42.0,0.16100000000000006,0.18
2020,5,3,18,0.69,44.0,42.0,0.0,0.0
2020,5,4,5,1.3,39.0,33.0,2.887,0.0
2020,5,4,6,4.71,47.0,46.0,6.416,0.5
2020,5,4,7,8.96,49.0,49.0,11.573,1.08
2020,5,4,8,14.82,51.0,46.0,17.808,1.93
2020,5,4,9,18.7,53.0,51.0,18.494,2.62
2020,5,4,10,21.04,53.0,54.0,23.841999999999995,3.0
2020,5,4,11,22.89,51.0,55.0,22.159000000000002,3.44
2020,5,4,12,23.02,52.0,57.0,22.781999999999996,3.47
2020,5,4,13,22.22,52.0,57.0,17.916,3.0
2020,5,4,14,20.22,50.0,53.0,15.085,2.51
2020,5,4,15,17.19,48.0,49.0,9.701,1.9
2020,5,4,16,12.2,45.0,43.0,2.801,1.06
2020,5,4,17,4.94,45.0,42.0,0.258,0.23
2020,5,4,18,0.81,45.0,43.0,0.0,0.0
2020,5,5,5,1.36,38.0,31.0,2.365,0.0
2020,5,5,6,3.93,44.0,42.0,6.989,0.48
2020,5,5,7,9.19,49.0,49.0,8.75,1.11
2020,5,5,8,13.72,53.0,46.0,0.0,1.98
2020,5,6,5,0.88,41.0,33.0,1.692,0.0
2020,5,6,6,3.56,44.0,42.0,3.397,0.46
2020,5,6,7,4.94,46.0,49.0,8.96,0.61
2020,5,6,8,16.85,47.0,48.0,15.992,1.3
2020,5,6,9,18.41,52.0,52.0,20.805999999999997,2.32
2020,5,6,10,21.32,53.0,54.0,20.98,2.9
2020,5,6,11,23.19,50.0,55.0,23.357000000000006,3.16
2020,5,6,12,23.47,50.0,55.0,8.804,2.14
2020,5,6,13,13.91,48.0,47.0,2.24,0.29
2020,5,6,14,2.85,47.0,47.0,1.842,0.01
2020,5,6,15,4.24,46.0,48.0,0.963,0.01
2020,5,6,16,1.34,45.0,47.0,0.5690000000000001,0.0
2020,5,6,17,1.1,44.0,47.0,0.059000000000000004,0.0
2020,5,6,18,0.1,43.0,46.0,0.0,0.0
2020,5,7,5,0.81,36.0,29.0,1.3619999999999999,0.0
2020,5,7,6,2.79,39.0,36.0,4.43,0.1
2020,5,7,7,5.73,44.0,47.0,6.167000000000001,0.6
2020,5,7,8,8.18,44.0,49.0,11.453,0.97
2020,5,7,9,20.39,49.0,46.0,0.0,1.47
2020,5,8,5,1.12,38.0,31.0,2.717,0.0
2020,5,8,6,5.94,45.0,43.0,6.334,0.17
2020,5,8,7,11.84,48.0,48.0,12.189999999999998,1.04
2020,5,8,8,15.61,52.0,47.0,16.182000000000002,1.6
2020,5,8,9,19.14,53.0,52.0,21.480999999999998,2.29
2020,5,8,10,21.51,52.0,54.0,22.940999999999995,2.99
2020,5,8,11,22.9,51.0,55.0,21.686,3.11
2020,5,8,12,23.69,51.0,57.0,22.129,3.19
2020,5,8,13,23.73,50.0,54.0,17.955,2.89
2020,5,8,14,20.86,49.0,53.0,13.371,2.43
2020,5,8,15,17.55,47.0,48.0,7.483,0.99
2020,5,8,16,13.74,48.0,43.0,1.64,0.46
2020,5,8,17,2.25,47.0,46.0,0.256,0.0
2020,5,8,18,0.68,46.0,46.0,0.0,0.0
2020,5,9,5,1.18,41.0,35.0,2.8589999999999995,0.0
2020,5,9,6,4.14,47.0,47.0,5.1739999999999995,0.52
2020,5,9,7,9.04,47.0,49.0,12.106,1.3
2020,5,9,8,15.57,52.0,48.0,16.575,2.07
2020,5,9,9,20.35,55.0,53.0,14.722999999999999,2.7
2020,5,9,10,18.34,53.0,49.0,14.791,2.52
2020,5,9,11,17.97,50.0,51.0,19.861,2.0
2020,5,9,12,23.19,52.0,57.0,22.881000000000004,2.64
2020,5,9,13,22.74,53.0,58.0,18.086,2.9
2020,5,9,14,19.67,52.0,54.0,14.656,2.41
2020,5,9,15,16.5,48.0,48.0,9.122000000000002,1.73
2020,5,9,16,11.52,46.0,42.0,3.252,0.95
2020,5,9,17,4.96,47.0,45.0,0.28900000000000003,0.29
2020,5,9,18,0.75,46.0,45.0,0.0,0.0
2020,5,10,5,1.03,40.0,33.0,2.16,0.0
2020,5,10,6,3.79,45.0,45.0,0.23399999999999999,0.29
2020,5,10,7,0.0,51.0,43.0,0.0,0.64
2020,5,10,8,0.0,55.0,43.0,0.0,1.35
2020,5,10,9,0.0,56.0,43.0,0.0,2.33
2020,5,11,5,0.0,38.0,28.0,0.0,0.0
2020,5,11,6,0.0,39.0,29.0,0.0,0.0
2020,5,11,7,0.0,43.0,31.0,0.0,0.52
2020,5,11,8,0.0,43.0,31.0,0.0,0.8
2020,5,11,9,0.0,46.0,34.0,11.298000000000002,1.38
2020,5,11,10,16.04,46.0,45.0,22.671999999999997,2.69
2020,5,11,11,22.95,47.0,53.0,22.378000000000004,2.87
2020,5,11,12,23.71,48.0,53.0,16.921,2.07
2020,5,11,13,21.5,47.0,51.0,7.975,1.51
2020,5,11,14,8.85,46.0,42.0,5.3279999999999985,0.96
2020,5,11,15,7.84,45.0,46.0,3.946,0.67
2020,5,11,16,5.38,45.0,49.0,2.2460000000000004,0.59
2020,5,11,17,3.03,44.0,46.0,0.18700000000000008,0.15
2020,5,11,18,0.47,43.0,43.0,0.0,0.0
2020,5,12,5,0.62,38.0,31.0,1.351,0.0
2020,5,12,6,3.2,41.0,38.0,0.882,0.0
2020,5,12,7,1.25,41.0,39.0,0.8339999999999999,0.0
2020,5,12,8,1.01,41.0,41.0,1.334,0.0
2020,5,12,9,3.17,41.0,42.0,2.66,0.11
2020,5,12,10,9.54,40.0,42.0,7.8820000000000014,0.34
2020,5,12,11,10.76,41.0,36.0,2.682,0.79
2020,5,12,12,3.95,41.0,41.0,2.9160000000000004,0.05
2020,5,12,13,3.95,42.0,46.0,2.571,0.44
2020,5,12,14,3.33,42.0,47.0,4.6530000000000005,0.6
2020,5,12,15,5.37,42.0,49.0,7.997999999999999,0.6
2020,5,12,16,13.54,43.0,48.0,1.4709999999999999,0.43
2020,5,12,17,2.49,42.0,41.0,0.6560000000000001,0.08
2020,5,12,18,1.7,41.0,42.0,0.0,0.0
2020,5,13,5,1.49,37.0,30.0,2.324,0.0
2020,5,13,6,4.72,42.0,41.0,7.9209999999999985,0.57
2020,5,13,7,10.53,47.0,48.0,10.399000000000001,1.22
2020,5,13,8,15.21,47.0,43.0,11.352,1.88
2020,5,13,9,25.72,43.0,47.0,14.904000000000002,1.41
2020,5,13,10,17.96,46.0,47.0,20.695999999999998,2.79
2020,5,13,11,25.52,48.0,54.0,22.935,3.09
2020,5,13,12,24.27,48.0,54.0,24.684000000000005,3.13
2020,5,13,13,23.39,48.0,54.0,18.916,3.0
2020,5,13,14,20.68,47.0,51.0,14.805,2.46
2020,5,13,15,17.09,45.0,47.0,8.815999999999997,1.73
2020,5,13,16,11.36,43.0,41.0,3.389,1.0
2020,5,13,17,5.05,46.0,46.0,0.474,0.21
2020,5,13,18,1.31,45.0,46.0,0.0,0.0
2020,5,14,5,1.26,37.0,31.0,2.53,0.0
2020,5,14,6,4.35,44.0,43.0,6.843999999999999,0.53
2020,5,14,7,9.54,48.0,48.0,10.02,1.23
2020,5,14,8,13.99,53.0,46.0,0.0,1.95
2020,5,14,18,0.08,43.0,42.0,0.0,0.0
2020,5,15,5,1.36,39.0,31.0,2.733,0.0
2020,5,15,6,4.75,48.0,46.0,4.8839999999999995,0.6
2020,5,15,7,8.93,51.0,49.0,0.0,1.37
2020,5,16,5,0.81,39.0,33.0,1.7049999999999998,0.0
2020,5,16,6,4.29,45.0,42.0,7.451999999999997,0.28
2020,5,16,7,11.05,53.0,49.0,10.704,0.92
2020,5,16,8,16.46,53.0,48.0,18.117,2.03
2020,5,16,9,22.77,55.0,55.0,18.225,2.57
2020,5,16,10,25.92,55.0,58.0,22.445000000000004,1.5
2020,5,16,11,26.08,53.0,59.0,23.601,1.73
2020,5,16,12,24.81,53.0,58.0,21.436,3.1
2020,5,16,13,22.57,52.0,57.0,18.684000000000005,2.95
2020,5,16,14,24.65,52.0,56.0,15.83,2.46
2020,5,16,15,20.68,50.0,52.0,3.9089999999999994,1.15
2020,5,16,16,13.37,50.0,46.0,2.0380000000000003,0.48
2020,5,16,17,3.77,48.0,48.0,0.11600000000000005,0.19
2020,5,16,18,0.57,47.0,48.0,0.0,0.0
2020,5,17,5,0.94,39.0,31.0,2.8189999999999995,0.05
2020,5,17,6,5.14,48.0,46.0,8.308,0.72
2020,5,17,7,11.38,52.0,49.0,13.398,1.45
2020,5,17,8,17.02,54.0,49.0,14.618,2.17
2020,5,17,9,20.15,54.0,53.0,20.855999999999995,2.8
2020,5,17,10,22.19,54.0,57.0,23.23899999999999,2.58
2020,5,17,11,24.34,53.0,59.0,23.06,3.19
2020,5,17,12,23.34,53.0,58.0,21.586,3.56
2020,5,17,13,22.72,53.0,58.0,19.664000000000005,3.07
2020,5,17,14,21.02,52.0,55.0,15.798999999999998,2.67
2020,5,17,15,17.83,50.0,51.0,9.917,2.01
2020,5,17,16,12.93,47.0,45.0,3.291999999999999,1.04
2020,5,17,17,6.72,47.0,43.0,0.2840000000000001,0.15
2020,5,17,18,1.3,46.0,46.0,0.0,0.0
2020,5,18,5,0.95,41.0,35.0,1.857,0.0
2020,5,18,6,3.11,43.0,42.0,5.353,0.2
2020,5,18,7,8.22,46.0,47.0,4.108999999999999,0.68
2020,5,18,8,13.66,47.0,43.0,2.092,0.78
2020,5,18,9,5.29,43.0,46.0,3.4949999999999988,0.03
2020,5,18,10,10.61,44.0,48.0,5.872999999999999,0.16
2020,5,18,11,12.2,43.0,46.0,4.893,0.36
2020,5,18,12,10.02,44.0,48.0,7.9849999999999985,1.03
2020,5,18,13,14.06,45.0,48.0,5.936000000000001,1.3
2020,5,18,14,15.78,46.0,43.0,2.2080000000000006,1.05
2020,5,18,15,2.98,45.0,46.0,0.8110000000000005,0.36
2020,5,18,16,1.76,45.0,46.0,0.11300000000000004,0.0
2020,5,18,17,0.16,44.0,43.0,0.0,0.0
2020,5,19,9,5.0,43.0,48.0,2.374000000000001,0.52
2020,5,19,10,4.58,43.0,49.0,1.7690000000000001,0.54
2020,5,19,11,3.0,43.0,48.0,4.3,0.14
2020,5,19,12,7.26,42.0,49.0,2.076,0.4
2020,5,19,13,3.84,41.0,41.0,2.7270000000000008,0.26
2020,5,19,14,4.5,40.0,46.0,3.043000000000001,0.21
2020,5,19,15,4.85,41.0,47.0,1.0600000000000005,0.41
2020,5,19,16,1.57,41.0,46.0,0.4480000000000003,0.0
2020,5,19,17,0.69,41.0,43.0,0.08600000000000002,0.0
2020,5,19,18,0.13,41.0,42.0,0.0,0.0
2020,5,20,5,0.69,37.0,30.0,1.2260000000000004,0.0
2020,5,20,6,2.19,39.0,36.0,2.68,0.06
2020,5,20,7,5.15,42.0,46.0,4.0790000000000015,0.29
2020,5,20,8,5.87,44.0,49.0,5.695,0.74
2020,5,20,9,13.01,43.0,47.0,11.438000000000002,0.86
2020,5,20,10,18.76,44.0,43.0,13.736000000000002,1.66
2020,5,20,11,23.8,47.0,51.0,5.645999999999999,1.41
2020,5,20,12,10.1,47.0,49.0,11.118000000000006,0.62
2020,5,20,13,25.66,44.0,49.0,6.2600000000000025,2.03
2020,5,20,14,8.74,46.0,46.0,5.545,0.54
2020,5,20,15,7.2,45.0,49.0,5.861999999999997,0.6
2020,5,20,16,12.62,46.0,46.0,1.360999999999999,0.7
2020,5,20,17,3.06,45.0,43.0,0.18000000000000005,0.02
2020,5,20,18,0.6,44.0,43.0,0.0,0.0
2020,5,21,5,0.67,38.0,31.0,1.658,0.0
2020,5,21,6,2.64,41.0,39.0,3.5970000000000004,0.06
2020,5,21,7,5.95,43.0,49.0,6.134000000000001,0.48
2020,5,21,8,7.73,46.0,49.0,6.14,0.68
2020,5,21,9,8.51,46.0,49.0,8.27,0.86
2020,5,21,10,13.84,46.0,42.0,8.378,0.97
2020,5,21,11,12.74,46.0,42.0,8.177999999999997,1.2
2020,5,21,12,13.41,46.0,42.0,3.1939999999999986,0.66
2020,5,21,13,5.31,47.0,48.0,2.8659999999999983,0.48
2020,5,21,14,6.14,46.0,49.0,0.5390000000000003,0.32
2020,5,21,15,1.81,43.0,45.0,0.3120000000000001,0.0
2020,5,21,16,1.26,41.0,43.0,0.10600000000000008,0.0
2020,5,21,17,0.14,41.0,42.0,0.08000000000000004,0.0
2020,5,21,18,0.15,40.0,39.0,0.0,0.0
2020,5,22,5,0.34,37.0,30.0,0.8420000000000004,0.0
2020,5,22,6,1.51,40.0,36.0,1.882,0.0
2020,5,22,7,3.85,42.0,42.0,2.0470000000000006,0.28
2020,5,22,8,3.62,42.0,45.0,1.752000000000001,0.13
2020,5,22,9,3.17,42.0,46.0,2.317,0.29
2020,5,22,10,3.82,42.0,47.0,1.5220000000000005,0.17
2020,5,22,11,2.11,42.0,47.0,3.265,0.0
2020,5,22,12,5.51,41.0,46.0,4.447000000000001,0.35
2020,5,22,13,6.69,41.0,48.0,2.27,0.82
2020,5,22,14,3.68,40.0,42.0,2.673,0.1
2020,5,22,15,3.87,39.0,37.0,1.5490000000000002,0.0
2020,5,22,16,2.49,39.0,38.0,0.3290000000000002,0.0
2020,5,22,17,0.89,39.0,38.0,0.08100000000000004,0.0
2020,5,22,18,0.15,38.0,37.0,0.0,0.0
2020,5,23,5,0.55,36.0,29.0,1.2710000000000004,0.0
2020,5,23,6,2.0,37.0,33.0,3.58,0.0
2020,5,23,7,6.65,39.0,43.0,5.313999999999999,0.33
2020,5,23,8,8.3,41.0,48.0,6.472,0.56
2020,5,23,9,9.39,42.0,43.0,7.667000000000002,0.75
2020,5,23,10,9.15,42.0,36.0,9.024,0.65
2020,5,23,11,16.94,43.0,42.0,5.5029999999999974,0.82
2020,5,23,12,10.15,43.0,42.0,6.484999999999999,0.7
2020,5,23,13,7.96,45.0,49.0,5.8820000000000014,0.87
2020,5,23,14,9.18,44.0,43.0,4.512000000000001,0.6
2020,5,23,15,9.7,44.0,46.0,1.5570000000000002,0.56
2020,5,23,16,1.92,43.0,43.0,2.8380000000000014,0.0
2020,5,23,17,4.35,43.0,48.0,0.2480000000000001,0.0
2020,5,23,18,0.97,43.0,46.0,0.0,0.0
2020,5,24,5,0.33,37.0,30.0,1.4080000000000004,0.0
2020,5,24,6,3.1,40.0,38.0,5.324000000000002,0.07
2020,5,24,7,13.49,42.0,47.0,10.695,0.86
2020,5,24,8,19.64,47.0,46.0,15.889,2.26
2020,5,24,9,25.36,50.0,52.0,21.054000000000002,2.62
2020,5,24,10,25.88,51.0,55.0,23.999000000000002,3.29
2020,5,24,11,25.98,49.0,57.0,22.443,2.38
2020,5,24,12,24.26,49.0,55.0,23.91500000000001,3.26
2020,5,24,13,23.99,49.0,55.0,20.496,3.12
2020,5,24,14,22.01,48.0,52.0,16.131999999999998,2.62
2020,5,24,15,18.5,46.0,48.0,10.689,2.0
2020,5,24,16,13.59,43.0,43.0,4.004,1.03
2020,5,24,17,7.07,44.0,42.0,0.3650000000000002,0.16
2020,5,24,18,0.73,43.0,42.0,0.0,0.0
2020,5,25,5,1.03,38.0,31.0,1.3680000000000003,0.0
2020,5,25,6,2.42,41.0,38.0,3.7990000000000013,0.36
2020,5,25,7,11.61,44.0,49.0,12.423000000000005,0.77
2020,5,25,8,15.52,51.0,46.0,14.762,0.94
2020,5,25,9,18.78,52.0,49.0,7.857,2.45
2020,5,25,10,22.17,55.0,54.0,22.305000000000003,2.97
2020,5,25,11,23.12,51.0,55.0,23.380999999999997,3.37
2020,5,25,12,23.58,51.0,55.0,22.054,2.97
2020,5,25,13,26.2,51.0,57.0,17.820999999999998,2.86
2020,5,25,14,23.18,50.0,54.0,14.173,1.54
2020,5,25,15,20.04,48.0,49.0,9.827999999999996,1.68
2020,5,25,16,13.19,44.0,43.0,3.933000000000001,1.29
2020,5,25,17,6.84,45.0,42.0,0.3630000000000001,0.4
2020,5,25,18,1.5,45.0,43.0,0.0,0.0
2020,5,26,5,1.32,42.0,35.0,3.3350000000000004,0.0
2020,5,26,6,6.33,49.0,48.0,5.1720000000000015,0.64
2020,5,26,7,9.41,49.0,49.0,5.435999999999999,1.15
2020,5,26,8,7.49,49.0,49.0,12.698999999999998,0.92
2020,5,26,9,26.05,51.0,54.0,8.97,1.7
2020,5,26,10,16.78,51.0,45.0,4.982000000000002,1.32
2020,5,26,11,7.92,47.0,43.0,14.135000000000002,0.91
2020,5,26,12,24.88,48.0,52.0,8.175999999999998,1.29
2020,5,26,13,12.34,47.0,42.0,6.855,0.8
2020,5,26,14,10.02,47.0,47.0,8.123,0.84
2020,5,26,15,12.27,47.0,47.0,6.780999999999998,0.91
2020,5,26,16,15.14,48.0,45.0,2.205,0.78
2020,5,26,17,3.94,47.0,46.0,0.2280000000000001,0.03
2020,5,26,18,0.83,46.0,46.0,0.0,0.0
2020,5,27,5,0.17,36.0,28.0,0.30400000000000016,0.0
2020,5,27,6,1.18,37.0,30.0,1.4389999999999996,0.0
2020,5,27,7,2.7,39.0,34.0,3.159,0.0
2020,5,27,8,13.15,38.0,39.0,13.732999999999995,0.07
2020,5,27,9,23.16,43.0,46.0,13.791,1.65
2020,5,27,10,22.26,47.0,47.0,7.3240000000000025,1.52
2020,5,27,11,10.24,47.0,42.0,11.469000000000005,1.2
2020,5,27,12,17.05,44.0,42.0,8.604999999999999,1.37
2020,5,27,13,12.14,43.0,38.0,3.4399999999999986,0.7
2020,5,27,14,6.26,44.0,43.0,2.9589999999999996,0.44
2020,5,27,15,6.96,44.0,49.0,0.9190000000000006,0.19
2020,5,27,16,1.88,43.0,47.0,0.3520000000000001,0.0
2020,5,27,17,0.57,42.0,43.0,0.08300000000000005,0.0
2020,5,27,18,0.17,40.0,42.0,0.0,0.0
2020,5,28,5,0.5,35.0,29.0,0.7630000000000002,0.0
2020,5,28,6,1.83,37.0,34.0,1.4260000000000006,0.0
2020,5,28,7,2.44,39.0,38.0,2.4700000000000006,0.11
2020,5,28,8,5.26,40.0,43.0,4.3119999999999985,0.04
2020,5,28,9,5.95,42.0,49.0,6.692999999999998,0.51
2020,5,28,10,10.46,44.0,48.0,2.741,0.61
2020,5,28,11,7.98,44.0,42.0,2.456,0.38
2020,5,28,12,5.09,42.0,46.0,1.8430000000000004,0.25
2020,5,28,13,2.99,41.0,46.0,3.241000000000001,0.12
2020,5,28,14,6.9,40.0,46.0,5.010999999999999,0.14
2020,5,28,15,12.74,42.0,49.0,2.97,0.52
2020,5,28,16,4.04,43.0,46.0,1.1469999999999998,0.42
2020,5,28,17,2.7,43.0,46.0,0.09800000000000003,0.0
2020,5,28,18,0.16,42.0,43.0,0.0,0.0
2020,5,29,5,0.7,37.0,29.0,1.137000000000001,0.0
2020,5,29,6,3.19,40.0,38.0,5.326999999999999,0.03
2020,5,29,7,13.5,43.0,46.0,8.698,0.74
2020,5,29,8,12.36,45.0,40.0,14.832999999999998,1.19
2020,5,29,9,21.32,49.0,49.0,12.124,1.42
2020,5,29,10,25.3,48.0,49.0,16.860000000000007,1.46
2020,5,29,11,25.99,49.0,54.0,16.885,2.18
2020,5,29,12,25.52,49.0,53.0,15.977999999999994,1.39
2020,5,29,13,24.14,49.0,53.0,13.733,1.41
2020,5,29,14,21.71,48.0,49.0,12.418,1.42
2020,5,29,15,18.35,47.0,47.0,8.142999999999999,0.77
2020,5,29,16,12.38,45.0,41.0,3.0830000000000006,0.48
2020,5,29,17,5.25,47.0,46.0,0.3040000000000001,0.23
2020,5,29,18,0.79,46.0,46.0,0.0,0.0
2020,5,31,5,0.89,42.0,36.0,2.8020000000000014,0.0
2020,5,31,6,6.32,51.0,49.0,7.887,0.56
2020,5,31,7,11.53,54.0,49.0,13.336,1.4
2020,5,31,8,22.32,55.0,51.0,18.016,2.09
2020,5,31,9,21.79,56.0,55.0,20.706000000000003,2.77
2020,5,31,10,24.8,55.0,55.0,22.35,3.07
2020,5,31,11,24.08,52.0,57.0,22.312,3.6
2020,5,31,12,23.53,52.0,57.0,21.947,3.56
2020,5,31,13,22.51,51.0,55.0,19.376,3.0
2020,5,31,14,20.85,50.0,53.0,14.835999999999999,2.63
2020,5,31,15,18.18,47.0,49.0,8.682,1.87
2020,5,31,16,12.12,44.0,41.0,2.48,0.87
2020,5,31,17,6.7,46.0,43.0,0.31400000000000017,0.22
2020,5,31,18,0.86,46.0,43.0,0.0,0.0
2020,6,1,5,1.79,42.0,36.0,2.872000000000001,0.0
2020,6,1,6,5.22,53.0,49.0,8.071000000000002,0.7
2020,6,1,7,10.97,54.0,49.0,13.282999999999998,1.4
2020,6,1,8,15.91,55.0,49.0,17.855999999999998,2.17
2020,6,1,9,19.47,55.0,53.0,21.24,2.83
2020,6,1,10,22.54,54.0,55.0,23.176,3.19
2020,6,1,11,25.88,52.0,59.0,15.941999999999995,3.59
2020,6,1,12,26.21,51.0,55.0,13.437000000000001,3.09
2020,6,1,13,25.88,50.0,54.0,11.277999999999999,2.44
2020,6,1,14,26.29,50.0,55.0,16.006999999999994,1.8
2020,6,1,15,22.94,49.0,53.0,7.310000000000002,1.42
2020,6,1,16,12.39,47.0,43.0,2.2159999999999997,0.92
2020,6,1,17,5.07,47.0,46.0,0.2330000000000001,0.05
2020,6,1,18,0.75,46.0,46.0,0.0,0.0
2020,6,2,5,1.35,41.0,35.0,2.7420000000000004,0.05
2020,6,2,6,5.87,48.0,47.0,7.550999999999998,0.57
2020,6,2,7,11.2,52.0,49.0,11.861999999999998,1.2
2020,6,2,8,16.41,54.0,47.0,16.785000000000004,2.05
2020,6,2,9,21.46,51.0,53.0,19.578,1.47
2020,6,2,10,22.55,52.0,55.0,22.85999999999999,2.02
2020,6,2,11,23.56,52.0,58.0,23.413,2.57
2020,6,2,12,23.74,51.0,58.0,21.502999999999997,3.19
2020,6,2,13,24.93,51.0,58.0,19.864,3.02
2020,6,2,14,24.4,50.0,55.0,15.962000000000002,2.32
2020,6,2,15,20.03,49.0,52.0,9.380999999999998,1.87
2020,6,2,16,14.21,48.0,46.0,3.76,1.04
2020,6,2,17,7.11,47.0,43.0,0.2870000000000001,0.2
2020,6,2,18,0.73,46.0,43.0,0.0,0.0
2020,6,3,5,1.15,44.0,36.0,2.7290000000000005,0.06
2020,6,3,6,5.42,52.0,49.0,8.289,0.71
2020,6,3,7,11.22,53.0,49.0,13.631999999999998,1.41
2020,6,3,8,16.3,55.0,49.0,18.288,2.2
2020,6,3,9,19.93,55.0,54.0,21.23,2.68
2020,6,3,10,22.52,55.0,58.0,22.801,3.08
2020,6,3,11,23.47,55.0,59.0,23.329,3.58
2020,6,3,12,23.5,55.0,59.0,21.957,3.6
2020,6,3,13,23.07,54.0,58.0,20.257,3.06
2020,6,3,14,21.53,53.0,57.0,16.178000000000004,2.72
2020,6,3,15,18.21,51.0,52.0,10.868,2.07
2020,6,3,16,13.71,47.0,46.0,4.101000000000001,0.96
2020,6,3,17,7.16,46.0,43.0,0.2550000000000001,0.17
2020,6,3,18,1.18,46.0,43.0,0.0,0.0
2020,6,4,11,21.51,52.0,52.0,17.197,3.54
2020,6,4,12,26.25,52.0,59.0,4.0569999999999995,2.01
2020,6,4,13,9.25,49.0,43.0,0.0,1.2
2020,6,5,5,1.59,41.0,36.0,2.2569999999999997,0.0
2020,6,5,6,3.45,45.0,46.0,4.841,0.55
2020,6,5,7,6.1,48.0,49.0,11.681,0.6
2020,6,5,8,16.17,54.0,52.0,17.350999999999996,1.63
2020,6,5,9,19.59,55.0,54.0,16.409000000000002,2.68
2020,6,5,10,24.9,57.0,59.0,10.328,2.84
2020,6,5,11,13.02,52.0,46.0,14.645999999999999,1.63
2020,6,5,12,22.12,48.0,52.0,18.858,1.77
2020,6,5,13,23.91,49.0,56.0,19.112,2.57
2020,6,5,14,23.9,50.0,55.0,10.890999999999998,2.31
2020,6,5,15,17.37,49.0,48.0,8.610999999999999,1.49
2020,6,5,16,14.08,46.0,43.0,4.205,0.68
2020,6,5,17,8.25,47.0,42.0,0.3990000000000001,0.47
2020,6,5,18,1.32,47.0,43.0,0.0,0.0
2020,6,6,5,1.21,46.0,37.0,2.957000000000001,0.11
2020,6,6,6,5.31,54.0,49.0,7.817000000000001,0.68
2020,6,6,7,12.81,55.0,49.0,10.688999999999998,1.18
2020,6,6,8,18.38,53.0,49.0,17.718000000000004,1.38
2020,6,6,9,20.89,56.0,55.0,19.85,2.69
2020,6,6,10,24.6,56.0,59.0,18.805,2.61
2020,6,6,11,26.04,58.0,63.0,19.717,2.35
2020,6,6,12,25.92,54.0,59.0,20.438,2.64
2020,6,6,13,25.0,53.0,58.0,11.802000000000007,2.56
2020,6,6,14,23.9,53.0,57.0,2.9839999999999987,1.82
2020,6,6,15,6.25,51.0,48.0,3.6210000000000013,0.61
2020,6,6,16,4.43,49.0,49.0,2.0490000000000004,0.54
2020,6,6,17,2.83,48.0,49.0,0.4620000000000002,0.0
2020,6,6,18,1.47,47.0,48.0,0.0,0.0
2020,6,7,5,0.85,44.0,36.0,1.7299999999999995,0.01
2020,6,7,6,2.43,46.0,43.0,2.2479999999999998,0.24
2020,6,7,7,3.82,46.0,46.0,2.506,0.37
2020,6,7,8,3.56,45.0,49.0,5.626000000000001,0.49
2020,6,7,9,8.86,47.0,49.0,14.302999999999999,0.58
2020,6,7,10,25.37,49.0,52.0,2.663,1.16
2020,6,7,11,13.1,49.0,46.0,1.7070000000000003,0.21
2020,6,7,12,2.76,43.0,45.0,2.028,0.0
2020,6,7,13,2.97,43.0,46.0,1.8429999999999995,0.0
2020,6,7,14,2.25,44.0,47.0,1.0720000000000005,0.06
2020,6,7,15,2.23,44.0,47.0,0.9540000000000004,0.0
2020,6,7,16,1.22,43.0,46.0,0.5020000000000003,0.0
2020,6,7,17,0.76,43.0,43.0,0.09900000000000003,0.0
2020,6,7,18,0.16,43.0,43.0,0.0,0.0
2020,6,8,5,1.28,39.0,34.0,2.7050000000000014,0.0
2020,6,8,6,5.9,43.0,45.0,6.007000000000001,0.31
2020,6,8,7,9.77,46.0,49.0,4.998000000000001,0.99
2020,6,8,8,7.26,46.0,49.0,3.6860000000000004,0.6
2020,6,8,9,4.98,47.0,49.0,4.062,0.6
2020,6,8,10,5.44,46.0,49.0,3.807,0.6
2020,6,8,11,4.52,46.0,49.0,3.777,0.6
2020,6,8,12,4.05,46.0,49.0,3.0830000000000006,0.6
2020,6,8,13,3.53,46.0,49.0,1.6959999999999995,0.6
2020,6,8,14,2.27,46.0,46.0,0.6720000000000004,0.1
2020,6,8,15,1.23,45.0,46.0,0.9480000000000004,0.0
2020,6,8,16,1.28,42.0,43.0,0.5180000000000003,0.0
2020,6,8,17,0.81,41.0,42.0,0.09600000000000004,0.0
2020,6,8,18,0.17,41.0,39.0,0.0,0.0
2020,6,9,5,0.87,39.0,31.0,1.4729999999999994,0.0
2020,6,9,6,2.13,41.0,39.0,2.6310000000000007,0.0
2020,6,9,7,3.14,44.0,46.0,4.729,0.5
2020,6,9,8,6.2,47.0,49.0,6.756,0.6
2020,6,9,9,11.04,48.0,49.0,11.679999999999998,0.99
2020,6,9,10,14.13,47.0,44.0,8.636000000000005,1.45
2020,6,9,11,10.62,47.0,42.0,7.317999999999999,1.4
2020,6,9,12,8.43,45.0,39.0,7.920000000000001,0.92
2020,6,9,13,12.31,47.0,44.0,8.049,0.72
2020,6,9,14,11.61,45.0,42.0,7.127999999999999,1.2
2020,6,9,15,10.61,48.0,43.0,1.2940000000000005,1.03
2020,6,9,16,2.69,48.0,45.0,1.0630000000000002,0.08
2020,6,9,17,2.09,44.0,46.0,0.3400000000000002,0.0
2020,6,9,18,0.78,44.0,43.0,0.0,0.0
2020,6,10,8,11.44,46.0,42.0,12.165,1.16
2020,6,10,9,18.03,50.0,47.0,14.327000000000002,1.72
2020,6,10,10,26.24,51.0,57.0,19.599999999999987,2.08
2020,6,10,11,26.17,54.0,61.0,16.826999999999998,2.44
2020,6,10,12,26.19,53.0,58.0,13.119000000000002,2.0
2020,6,10,13,23.55,50.0,53.0,19.105999999999998,1.98
2020,6,10,14,25.76,50.0,55.0,11.255999999999998,2.25
2020,6,10,15,17.05,49.0,49.0,7.891000000000003,1.59
2020,6,10,16,12.05,47.0,43.0,2.762,0.82
2020,6,10,17,4.49,48.0,49.0,0.2370000000000001,0.24
2020,6,10,18,0.77,47.0,49.0,0.0,0.0
2020,6,11,5,0.81,41.0,36.0,2.1710000000000007,0.0
2020,6,11,6,3.5,44.0,45.0,4.9540000000000015,0.24
2020,6,11,7,6.34,47.0,49.0,7.0779999999999985,0.6
2020,6,11,8,7.97,48.0,49.0,11.999999999999998,0.87
2020,6,11,9,16.28,49.0,46.0,10.689,1.2
2020,6,11,10,16.09,50.0,47.0,10.454000000000002,2.12
2020,6,11,11,11.62,47.0,43.0,9.253,1.37
2020,6,11,12,11.44,46.0,42.0,5.897000000000001,1.2
2020,6,11,13,6.97,49.0,49.0,7.171,1.14
2020,6,11,14,8.72,45.0,39.0,6.314,1.11
2020,6,11,15,7.03,47.0,41.0,5.8169999999999975,1.11
2020,6,11,16,6.55,49.0,49.0,3.2829999999999995,0.65
2020,6,11,17,4.81,48.0,49.0,0.5100000000000002,0.45
2020,6,11,18,1.81,48.0,49.0,0.0,0.0
2020,6,12,5,2.03,42.0,36.0,2.8370000000000006,0.0
2020,6,12,6,5.37,51.0,48.0,7.576999999999999,0.45
2020,6,12,7,10.82,55.0,49.0,12.178999999999998,1.21
2020,6,12,8,15.62,55.0,48.0,17.410999999999998,1.56
2020,6,12,9,20.36,55.0,53.0,20.673000000000002,2.32
2020,6,12,10,24.49,55.0,55.0,21.203000000000007,2.75
2020,6,12,11,25.99,54.0,58.0,22.814000000000004,2.07
2020,6,12,12,25.47,54.0,58.0,19.165,3.25
2020,6,12,13,25.93,53.0,58.0,19.965,2.65
2020,6,12,14,21.81,52.0,55.0,16.288999999999998,2.52
2020,6,12,15,18.13,51.0,51.0,13.137,2.0
2020,6,12,16,15.06,49.0,48.0,6.445,1.07
2020,6,12,17,9.65,49.0,43.0,1.3849999999999996,0.56
2020,6,12,18,3.46,49.0,47.0,0.0,0.11
2020,6,13,5,1.65,41.0,36.0,2.9450000000000003,0.0
2020,6,13,6,4.99,46.0,47.0,6.160999999999999,0.36
2020,6,13,7,8.85,49.0,49.0,9.015000000000002,1.02
2020,6,13,8,14.18,52.0,45.0,9.781,1.55
2020,6,13,9,13.8,49.0,45.0,18.796000000000006,1.42
2020,6,13,10,24.06,53.0,55.0,21.875999999999994,2.62
2020,6,13,11,23.5,54.0,58.0,21.362,1.58
2020,6,13,12,22.76,53.0,58.0,22.059000000000005,2.38
2020,6,13,13,23.11,53.0,58.0,19.129,1.72
2020,6,13,14,20.46,52.0,55.0,13.996000000000004,2.37
2020,6,13,15,18.77,50.0,52.0,4.658,0.66
2020,6,13,16,10.92,51.0,49.0,3.3420000000000005,0.61
2020,6,13,17,4.73,49.0,49.0,1.2609999999999997,0.6
2020,6,13,18,3.17,49.0,47.0,0.0,0.08
2020,6,14,5,1.34,43.0,36.0,2.6770000000000014,0.04
2020,6,14,6,4.9,53.0,49.0,7.654,0.69
2020,6,14,7,10.38,57.0,49.0,13.138000000000005,1.43
2020,6,14,8,15.49,56.0,49.0,16.909000000000002,1.91
2020,6,14,9,18.88,56.0,53.0,20.629,2.43
2020,6,14,10,21.19,56.0,58.0,21.951999999999998,3.1
2020,6,14,11,22.25,55.0,59.0,20.47399999999999,3.57
2020,6,14,12,25.53,55.0,59.0,20.243,3.41
2020,6,14,13,24.19,53.0,58.0,19.030999999999995,2.05
2020,6,14,14,22.22,53.0,58.0,12.978,1.07
2020,6,14,15,19.53,52.0,52.0,6.062000000000001,0.61
2020,6,14,16,10.93,51.0,49.0,5.215000000000002,0.57
2020,6,14,17,8.66,50.0,49.0,1.1939999999999995,0.57
2020,6,14,18,2.96,50.0,49.0,0.0,0.12
2020,6,15,5,1.07,43.0,36.0,2.805,0.07
2020,6,15,6,5.07,53.0,49.0,7.919999999999999,0.74
2020,6,15,7,10.95,55.0,49.0,13.74,1.39
2020,6,15,8,16.11,57.0,49.0,18.096000000000004,2.07
2020,6,15,9,19.76,57.0,54.0,20.455,2.18
2020,6,15,10,22.16,57.0,58.0,22.502,2.75
2020,6,15,11,23.01,55.0,58.0,23.105,3.45
2020,6,15,12,23.2,53.0,58.0,22.068,3.58
2020,6,15,13,22.92,52.0,58.0,20.034000000000002,3.02
2020,6,15,14,21.25,51.0,56.0,16.51,2.68
2020,6,15,15,18.25,50.0,52.0,10.985,2.09
2020,6,15,16,13.83,49.0,47.0,4.865,0.94
2020,6,15,17,8.04,48.0,46.0,0.8310000000000002,0.47
2020,6,15,18,2.31,47.0,46.0,0.0,0.04
2020,6,16,5,1.53,44.0,37.0,2.9430000000000014,0.07
2020,6,16,6,5.22,52.0,49.0,7.847,0.66
2020,6,16,7,10.31,54.0,46.0,12.454000000000004,1.5
2020,6,16,8,15.83,55.0,48.0,17.983999999999995,1.97
2020,6,16,9,19.78,56.0,54.0,20.86100000000001,2.78
2020,6,16,10,22.15,56.0,58.0,22.901,3.19
2020,6,16,11,23.17,56.0,59.0,22.977,3.6
2020,6,16,12,23.41,54.0,58.0,22.337000000000003,3.6
2020,6,16,13,22.99,54.0,59.0,19.852999999999994,3.1
2020,6,16,14,21.07,53.0,55.0,16.393000000000004,2.71
2020,6,16,15,18.43,52.0,53.0,11.163,2.05
2020,6,16,16,13.86,49.0,47.0,4.739999999999998,0.89
2020,6,16,17,7.96,47.0,43.0,0.7090000000000004,0.39
2020,6,16,18,2.04,47.0,46.0,0.0,0.0
2020,6,17,5,1.07,43.0,37.0,2.5820000000000007,0.0
2020,6,17,6,4.62,50.0,48.0,8.104000000000001,0.56
2020,6,17,7,11.2,53.0,49.0,13.804000000000002,1.34
2020,6,17,8,16.06,56.0,49.0,18.195999999999998,2.25
2020,6,17,9,19.85,57.0,54.0,20.466999999999995,2.7
2020,6,17,10,21.84,57.0,58.0,22.278,3.26
2020,6,17,11,22.92,55.0,59.0,22.493,3.6
2020,6,17,12,23.19,55.0,59.0,22.473000000000003,3.6
2020,6,17,13,23.41,55.0,59.0,19.999000000000006,3.15
2020,6,17,14,21.32,54.0,57.0,15.759999999999998,2.71
2020,6,17,15,18.37,51.0,53.0,12.023,2.07
2020,6,17,16,13.7,49.0,47.0,4.758,0.91
2020,6,17,17,8.02,47.0,45.0,0.7560000000000003,0.39
2020,6,17,18,2.1,47.0,46.0,0.0,0.0
2020,6,18,5,1.54,43.0,36.0,2.873,0.02
2020,6,18,6,4.91,50.0,49.0,7.435,0.63
2020,6,18,7,10.41,52.0,49.0,13.388000000000002,1.36
2020,6,18,8,15.86,55.0,49.0,17.569000000000006,2.14
2020,6,18,9,19.61,56.0,53.0,20.511000000000006,2.57
2020,6,18,10,21.68,56.0,57.0,22.186,3.14
2020,6,18,11,23.06,55.0,59.0,22.371,3.57
2020,6,18,12,23.22,55.0,59.0,21.354000000000006,3.53
2020,6,18,13,22.44,55.0,59.0,18.629,2.85
2020,6,18,14,20.95,54.0,55.0,16.324999999999996,2.64
2020,6,18,15,17.81,51.0,53.0,11.766000000000005,2.16
2020,6,18,16,14.07,49.0,48.0,5.204999999999998,1.18
2020,6,18,17,8.28,48.0,43.0,0.7440000000000003,0.6
2020,6,18,18,2.23,47.0,45.0,0.0,0.0
2020,6,19,5,1.76,43.0,37.0,3.1820000000000013,0.12
2020,6,19,6,5.54,51.0,49.0,6.349,0.6
2020,6,19,7,9.49,52.0,46.0,12.470999999999998,1.03
2020,6,19,8,13.48,52.0,46.0,2.031,1.71
2020,6,19,9,16.06,52.0,48.0,35.900999999999975,2.52
2020,6,19,10,22.54,56.0,58.0,21.212000000000003,3.09
2020,6,19,11,23.2,56.0,59.0,21.378,3.17
2020,6,19,12,24.43,55.0,59.0,20.286000000000005,2.96
2020,6,19,13,22.98,54.0,58.0,19.730999999999995,2.67
2020,6,19,14,20.87,53.0,55.0,16.85,2.9
2020,6,19,15,19.08,53.0,54.0,10.896000000000004,1.93
2020,6,19,16,13.49,50.0,47.0,4.926999999999998,0.9
2020,6,19,17,8.57,49.0,43.0,0.6650000000000004,0.33
2020,6,19,18,1.64,48.0,46.0,0.0,0.0
2020,6,21,5,1.29,43.0,36.0,2.322,0.12
2020,6,21,6,2.91,47.0,46.0,6.252999999999999,0.54
2020,6,21,7,13.18,51.0,49.0,13.517,0.9
2020,6,21,8,15.99,55.0,49.0,16.804000000000002,1.62
2020,6,21,9,19.72,57.0,54.0,17.545,2.72
2020,6,21,10,22.72,56.0,54.0,19.802,2.58
2020,6,21,11,25.98,54.0,59.0,22.129,2.75
2020,6,21,12,25.87,55.0,61.0,23.905000000000005,2.88
2020,6,21,13,25.3,57.0,62.0,20.141,2.19
2020,6,21,14,22.27,56.0,59.0,10.417999999999996,2.74
2020,6,21,15,15.76,53.0,52.0,2.8750000000000004,1.27
2020,6,21,16,5.2,50.0,49.0,3.8520000000000008,0.1
2020,6,21,17,5.85,49.0,49.0,0.6850000000000003,0.55
2020,6,21,18,1.62,48.0,49.0,0.0,0.0
2020,6,22,5,0.87,43.0,36.0,2.1270000000000007,0.0
2020,6,22,6,4.25,50.0,47.0,7.765,0.55
2020,6,22,7,10.8,53.0,49.0,13.328,1.3
2020,6,22,8,15.85,56.0,49.0,17.792,2.13
2020,6,22,9,19.03,57.0,54.0,20.208,2.77
2020,6,22,10,21.59,57.0,58.0,22.04400000000001,3.0
2020,6,22,11,23.38,56.0,59.0,22.145,3.18
2020,6,22,12,24.33,55.0,59.0,19.782,3.23
2020,6,22,13,23.26,54.0,59.0,20.125,3.05
2020,6,22,14,21.54,53.0,57.0,15.828,2.86
2020,6,22,15,18.85,53.0,54.0,12.338000000000005,2.13
2020,6,22,16,15.91,50.0,49.0,6.219999999999999,1.07
2020,6,22,17,9.31,49.0,43.0,0.7400000000000002,0.62
2020,6,22,18,2.55,49.0,45.0,0.0,0.06
2020,6,25,5,1.72,45.0,38.0,3.3440000000000003,0.12
2020,6,25,6,4.81,51.0,49.0,3.2069999999999994,0.82
2020,6,25,7,6.52,52.0,49.0,0.0,1.6
2020,6,26,5,1.7,43.0,37.0,2.6520000000000006,0.0
2020,6,26,6,3.57,47.0,47.0,2.9330000000000003,0.49
2020,6,26,7,7.78,48.0,49.0,0.0,0.7
2020,6,27,5,0.89,41.0,36.0,2.136000000000001,0.0
2020,6,27,6,5.1,49.0,47.0,3.884,0.6
2020,6,27,7,8.39,54.0,49.0,0.0,1.25
2020,6,28,5,1.64,43.0,37.0,3.1819999999999995,0.0
2020,6,28,6,5.46,51.0,49.0,3.7889999999999997,0.51
2020,6,28,7,7.3,52.0,48.0,0.0,0.98
2020,6,30,5,1.49,44.0,37.0,2.9080000000000013,0.0
2020,6,30,6,4.5,51.0,49.0,7.282000000000003,0.68
2020,6,30,7,10.42,54.0,49.0,0.0,1.37
2020,6,30,12,22.4,55.0,59.0,21.166999999999998,3.44
2020,6,30,13,22.41,55.0,59.0,19.041,3.17
2020,6,30,14,20.56,54.0,57.0,14.816999999999995,2.6
2020,6,30,15,16.89,52.0,52.0,8.899,2.05
2020,6,30,16,12.12,49.0,46.0,3.574,1.05
2020,6,30,17,5.8,50.0,49.0,0.5510000000000003,0.43
2020,6,30,18,1.34,49.0,49.0,0.0,0.0
2020,7,2,5,1.14,41.0,35.0,2.341,0.0
2020,7,2,6,4.74,52.0,47.0,5.141000000000001,0.24
2020,7,2,7,8.93,55.0,49.0,0.0,1.27
2020,7,3,5,1.2,42.0,36.0,2.627,0.0
2020,7,3,6,4.47,50.0,47.0,5.9879999999999995,0.45
2020,7,3,7,10.24,53.0,49.0,0.0,1.17
2020,7,10,10,14.03,51.0,48.0,18.067,1.74
2020,7,10,11,23.83,54.0,58.0,18.912000000000006,2.69
2020,7,10,12,26.27,53.0,59.0,20.148,2.54
2020,7,10,13,25.98,53.0,62.0,18.623,2.06
2020,7,10,14,25.8,55.0,59.0,12.255,2.61
2020,7,10,15,23.65,56.0,61.0,6.365000000000001,1.22
2020,7,10,16,7.94,51.0,48.0,3.3539999999999996,0.69
2020,7,10,17,5.17,50.0,48.0,0.6300000000000001,0.42
2020,7,10,18,1.34,49.0,48.0,0.0,0.0
2020,7,11,5,1.27,43.0,36.0,2.3750000000000004,0.0
2020,7,11,6,3.68,54.0,49.0,6.456,0.63
2020,7,11,7,9.25,56.0,49.0,11.088,1.19
2020,7,11,8,15.08,56.0,48.0,15.285,1.81
2020,7,11,9,19.06,57.0,53.0,21.9,2.4
2020,7,11,10,21.32,56.0,58.0,21.643,3.07
2020,7,11,11,23.8,54.0,61.0,21.776,3.35
2020,7,11,12,23.45,54.0,59.0,21.467,3.35
2020,7,11,13,22.8,53.0,58.0,17.47,3.05
2020,7,11,14,21.28,52.0,57.0,16.214000000000002,2.53
2020,7,11,15,17.2,52.0,52.0,13.914,2.26
2020,7,11,16,15.37,52.0,51.0,5.6560000000000015,1.14
2020,7,11,17,9.32,50.0,45.0,0.7820000000000001,0.43
2020,7,11,18,2.12,50.0,47.0,0.0,0.03
2020,7,12,5,0.98,43.0,36.0,2.382,0.02
2020,7,12,6,4.34,54.0,49.0,6.876,0.67
2020,7,12,7,9.94,57.0,49.0,12.933,1.37
2020,7,12,8,14.8,58.0,51.0,16.815,2.07
2020,7,12,9,18.63,58.0,55.0,19.708,2.69
2020,7,12,10,21.25,56.0,58.0,21.607,3.07
2020,7,12,11,22.31,55.0,59.0,21.896,3.6
2020,7,12,12,22.43,56.0,61.0,22.244,3.58
2020,7,12,13,22.2,56.0,61.0,18.405999999999995,2.98
2020,7,12,14,20.16,54.0,55.0,15.487000000000002,2.62
2020,7,12,15,17.89,52.0,53.0,12.124999999999998,2.01
2020,7,12,16,13.41,49.0,47.0,6.475,1.41
2020,7,12,17,9.43,49.0,45.0,1.3239999999999998,0.54
2020,7,12,18,3.29,49.0,47.0,0.0,0.01
2020,7,13,5,0.95,43.0,36.0,2.2590000000000003,0.0
2020,7,13,6,4.64,53.0,48.0,7.582000000000002,0.5
2020,7,13,7,9.77,56.0,49.0,12.270999999999999,1.36
2020,7,13,8,15.06,58.0,51.0,16.564999999999998,2.04
2020,7,13,9,18.6,59.0,55.0,19.017,2.63
2020,7,13,10,21.13,57.0,57.0,21.329000000000004,3.03
2020,7,13,11,22.11,56.0,59.0,22.699,3.5
2020,7,13,12,22.51,57.0,59.0,19.680999999999997,3.52
2020,7,13,13,20.77,56.0,58.0,17.465,2.87
2020,7,13,14,18.74,54.0,55.0,15.804,2.46
2020,7,13,15,17.89,54.0,54.0,11.194000000000004,1.96
2020,7,13,16,14.71,52.0,51.0,5.507999999999999,1.21
2020,7,13,17,8.23,51.0,47.0,0.992,0.51
2020,7,13,18,2.18,50.0,49.0,0.0,0.02
2020,7,14,5,0.89,41.0,34.0,2.064,0.0
2020,7,14,6,3.87,51.0,46.0,7.1389999999999985,0.49
2020,7,14,7,9.65,56.0,49.0,12.168,1.16
2020,7,14,8,14.76,58.0,52.0,16.116,1.98
2020,7,14,9,17.83,59.0,54.0,19.459,2.59
2020,7,14,10,21.3,57.0,59.0,21.513,3.05
2020,7,14,11,22.31,57.0,62.0,21.324,3.49
2020,7,14,12,21.46,57.0,59.0,18.101,2.8
2020,7,14,13,19.66,55.0,57.0,16.04,2.74
2020,7,14,14,17.3,53.0,54.0,11.6,2.42
2020,7,14,15,13.53,51.0,48.0,8.896999999999998,1.71
2020,7,14,16,10.29,48.0,45.0,4.6530000000000005,0.9
2020,7,14,17,6.59,49.0,49.0,0.8750000000000001,0.42
2020,7,14,18,2.07,49.0,49.0,0.0,0.0
2020,7,15,5,0.84,41.0,35.0,1.3769999999999998,0.0
2020,7,15,6,1.91,45.0,42.0,2.8160000000000003,0.0
2020,7,15,7,3.81,48.0,49.0,6.5070000000000014,0.6
2020,7,15,8,14.65,49.0,49.0,16.198999999999998,0.96
2020,7,15,9,18.32,55.0,54.0,19.421000000000006,2.25
2020,7,15,10,20.99,56.0,58.0,22.68500000000001,2.44
2020,7,15,11,22.67,56.0,59.0,21.629,2.85
2020,7,15,12,24.44,57.0,62.0,20.933000000000003,2.97
2020,7,15,13,25.92,58.0,62.0,15.463,2.36
2020,7,15,14,24.23,56.0,57.0,15.295000000000002,1.97
2020,7,15,15,18.02,51.0,53.0,11.124999999999998,2.02
2020,7,15,16,13.11,49.0,47.0,4.334999999999999,1.04
2020,7,15,17,7.12,51.0,48.0,0.7330000000000001,0.56
2020,7,15,18,1.76,49.0,47.0,0.0,0.0
2020,7,16,5,1.15,43.0,36.0,2.6890000000000005,0.0
2020,7,16,6,4.37,50.0,48.0,7.345,0.41
2020,7,16,7,13.31,52.0,49.0,8.954,1.34
2020,7,16,8,9.93,51.0,43.0,12.632,1.2
2020,7,16,9,23.46,52.0,55.0,19.965999999999998,1.42
2020,7,16,10,26.03,59.0,62.0,11.811,2.18
2020,7,16,11,13.41,57.0,52.0,4.734000000000001,2.44
2020,7,16,12,9.36,49.0,46.0,6.3439999999999985,1.59
2020,7,16,13,9.22,49.0,49.0,8.43,1.17
2020,7,16,14,11.93,47.0,43.0,13.190999999999999,1.2
2020,7,16,15,20.24,50.0,53.0,11.616000000000005,1.28
2020,7,16,16,17.04,51.0,49.0,2.287,1.27
2020,7,16,17,4.54,51.0,48.0,0.535,0.12
2020,7,16,18,1.07,50.0,48.0,0.0,0.0
2020,7,17,5,1.39,44.0,37.0,2.6060000000000003,0.0
2020,7,17,6,4.65,53.0,49.0,7.212000000000001,0.58
2020,7,17,7,10.24,54.0,48.0,12.467,1.35
2020,7,17,8,15.06,57.0,51.0,12.776000000000002,2.09
2020,7,17,9,17.94,57.0,52.0,21.524,2.75
2020,7,17,10,21.63,57.0,59.0,20.824,3.01
2020,7,17,11,22.68,57.0,61.0,22.384,3.6
2020,7,17,12,22.85,57.0,62.0,23.530000000000005,3.6
2020,7,17,13,22.79,57.0,61.0,19.675000000000004,3.07
2020,7,17,14,21.18,56.0,58.0,16.757,2.76
2020,7,17,15,18.34,54.0,54.0,9.662,2.13
2020,7,17,16,13.09,52.0,48.0,4.987,1.22
2020,7,17,17,8.16,50.0,45.0,0.6100000000000001,0.46
2020,7,17,18,1.54,49.0,46.0,0.0,0.0
2020,7,18,5,0.73,44.0,36.0,2.145,0.0
2020,7,18,6,4.28,54.0,49.0,7.055999999999999,0.65
2020,7,18,7,10.33,54.0,49.0,12.121,1.35
2020,7,18,8,14.57,56.0,49.0,16.087,2.01
2020,7,18,9,18.73,57.0,55.0,20.376000000000005,2.69
2020,7,18,10,21.12,57.0,58.0,21.307,3.0
2020,7,18,11,23.07,57.0,62.0,22.160999999999998,3.4
2020,7,18,12,22.79,57.0,61.0,20.48,3.6
2020,7,18,13,21.91,56.0,59.0,21.202,2.99
2020,7,18,14,21.46,53.0,57.0,14.397,2.77
2020,7,18,15,17.3,52.0,52.0,11.582,2.02
2020,7,18,16,13.64,50.0,48.0,4.043,1.29
2020,7,18,17,6.89,49.0,44.0,0.812,0.24
2020,7,18,18,1.95,49.0,46.0,0.0,0.0
2020,7,19,5,0.82,43.0,36.0,1.961,0.0
2020,7,19,6,4.05,51.0,47.0,6.2689999999999975,0.41
2020,7,19,7,8.66,54.0,49.0,13.140999999999998,0.98
2020,7,19,8,15.33,57.0,52.0,16.948,2.03
2020,7,19,9,18.22,59.0,55.0,19.986,2.63
2020,7,19,10,21.78,58.0,59.0,21.233,3.03
2020,7,19,11,22.59,55.0,59.0,21.713,3.26
2020,7,19,12,23.22,56.0,62.0,23.070999999999998,3.53
2020,7,19,13,22.7,57.0,61.0,18.896,3.04
2020,7,19,14,21.27,55.0,58.0,8.693,2.2
2020,7,19,15,19.19,54.0,56.0,2.8819999999999997,0.3
2020,7,19,16,3.05,52.0,49.0,3.347,0.17
2020,7,19,17,4.55,50.0,49.0,0.782,0.07
2020,7,19,18,2.17,49.0,49.0,0.0,0.0
2020,7,20,5,0.71,41.0,34.0,2.161,0.0
2020,7,20,6,4.17,55.0,49.0,6.652,0.59
2020,7,20,7,10.1,57.0,49.0,12.24,1.29
2020,7,20,8,14.82,59.0,52.0,16.582,2.07
2020,7,20,9,18.45,59.0,55.0,19.564,2.61
2020,7,20,10,20.99,59.0,58.0,21.545,2.99
2020,7,20,11,22.66,56.0,59.0,24.233000000000004,3.44
2020,7,20,12,22.92,54.0,59.0,21.853,3.55
2020,7,20,13,23.5,54.0,59.0,18.409000000000002,3.0
2020,7,20,14,24.74,54.0,58.0,5.088,2.44
2020,7,20,15,13.75,53.0,49.0,1.1789999999999998,0.15
2020,7,20,16,1.8,51.0,49.0,0.5199999999999999,0.0
2020,7,20,17,0.61,49.0,46.0,0.30000000000000004,0.0
2020,7,20,18,0.66,48.0,47.0,0.0,0.0
2020,7,21,5,1.12,41.0,33.0,2.3950000000000005,0.0
2020,7,21,6,4.17,53.0,48.0,6.415,0.59
2020,7,21,7,9.52,57.0,49.0,12.216,1.33
2020,7,21,8,14.55,58.0,52.0,17.442,2.01
2020,7,21,9,18.47,59.0,55.0,19.265,2.68
2020,7,21,10,20.86,58.0,59.0,21.138,3.03
2020,7,21,11,21.98,57.0,61.0,22.999000000000002,3.58
2020,7,21,12,22.13,56.0,61.0,20.848000000000003,3.57
2020,7,21,13,21.79,55.0,59.0,18.886,3.0
2020,7,21,14,19.99,54.0,57.0,15.743999999999998,2.83
2020,7,21,15,17.73,53.0,54.0,7.47,1.31
2020,7,21,16,13.35,52.0,49.0,7.050000000000002,0.75
2020,7,21,17,10.4,51.0,46.0,1.1689999999999996,0.41
2020,7,21,18,3.03,51.0,48.0,0.0,0.03
2020,7,22,5,0.79,41.0,35.0,2.1370000000000005,0.0
2020,7,22,6,4.16,54.0,48.0,6.6869999999999985,0.53
2020,7,22,7,9.61,57.0,49.0,11.947000000000001,1.31
2020,7,22,8,14.61,58.0,51.0,17.195,2.04
2020,7,22,9,18.4,59.0,55.0,19.281,2.33
2020,7,22,10,20.55,59.0,59.0,20.576,2.03
2020,7,22,11,21.84,58.0,61.0,21.846,3.2
2020,7,22,12,22.34,57.0,61.0,21.130000000000006,3.49
2020,7,22,13,21.99,56.0,59.0,17.658,3.13
2020,7,22,14,25.61,55.0,62.0,15.120999999999999,1.87
2020,7,22,15,17.89,52.0,53.0,10.928,2.11
2020,7,22,16,13.38,50.0,48.0,4.633,1.22
2020,7,22,17,7.75,49.0,46.0,0.8620000000000001,0.27
2020,7,22,18,2.11,49.0,48.0,0.0,0.0
2020,7,23,5,1.18,41.0,33.0,2.477,0.0
2020,7,23,6,3.79,50.0,47.0,6.242000000000001,0.48
2020,7,23,7,8.98,55.0,49.0,12.190999999999999,1.18
2020,7,23,8,13.61,57.0,49.0,15.597,1.72
2020,7,23,9,17.69,58.0,54.0,18.656,2.34
2020,7,23,10,20.72,58.0,57.0,20.988,2.4
2020,7,23,11,22.14,56.0,59.0,21.312,3.25
2020,7,23,12,22.56,56.0,59.0,22.34,2.91
2020,7,23,13,22.69,56.0,59.0,17.671000000000006,2.85
2020,7,23,14,21.66,54.0,58.0,16.748,2.41
2020,7,23,15,17.82,53.0,53.0,2.416000000000001,1.81
2020,7,23,16,5.04,54.0,48.0,0.7269999999999999,0.0
2020,7,23,17,0.87,51.0,49.0,0.7850000000000001,0.0
2020,7,23,18,1.75,50.0,49.0,0.0,0.0
2020,7,24,5,1.02,42.0,34.0,2.276,0.0
2020,7,24,6,3.54,52.0,47.0,5.941000000000002,0.55
2020,7,24,7,8.5,53.0,49.0,11.302,1.13
2020,7,24,8,13.65,56.0,49.0,16.211,1.79
2020,7,24,9,18.39,58.0,55.0,21.370999999999995,2.65
2020,7,24,10,21.28,58.0,59.0,21.516,2.99
2020,7,24,11,22.25,58.0,62.0,22.134,3.53
2020,7,24,12,22.92,58.0,62.0,21.944000000000006,3.6
2020,7,24,13,22.88,56.0,61.0,16.153,3.18
2020,7,24,14,19.61,54.0,54.0,14.586000000000002,2.39
2020,7,24,15,18.36,53.0,53.0,10.851,1.65
2020,7,24,16,12.59,51.0,47.0,3.1220000000000003,1.33
2020,7,24,17,6.49,50.0,46.0,0.51,0.24
2020,7,24,18,1.25,49.0,47.0,0.0,0.0
2020,7,25,5,1.06,43.0,36.0,2.3840000000000003,0.0
2020,7,25,6,3.73,47.0,46.0,4.897,0.33
2020,7,25,7,8.7,51.0,49.0,10.253,0.81
2020,7,25,8,16.16,55.0,51.0,16.023,1.06
2020,7,25,9,19.44,59.0,57.0,16.022000000000002,1.68
2020,7,25,10,22.23,61.0,61.0,13.959000000000001,2.13
2020,7,25,11,17.24,55.0,52.0,19.505,2.57
2020,7,25,12,26.02,54.0,62.0,13.765,2.8
2020,7,25,13,16.47,52.0,51.0,10.74,1.86
2020,7,25,14,13.83,49.0,47.0,11.602,1.07
2020,7,25,15,18.86,49.0,49.0,7.347999999999999,1.36
2020,7,25,16,11.98,48.0,45.0,2.602,0.76
2020,7,25,17,3.04,50.0,48.0,0.716,0.06
2020,7,25,18,1.74,48.0,49.0,0.0,0.0
2020,7,26,5,0.95,41.0,33.0,2.115,0.0
2020,7,26,6,4.74,49.0,46.0,7.079,0.37
2020,7,26,7,9.11,55.0,49.0,11.524000000000001,1.04
2020,7,26,8,14.96,58.0,51.0,16.468999999999998,1.49
2020,7,26,9,18.69,59.0,55.0,19.699,2.35
2020,7,26,10,21.35,59.0,59.0,22.231,2.99
2020,7,26,11,22.55,56.0,59.0,23.340000000000003,3.5
2020,7,26,12,23.0,54.0,58.0,21.145,3.49
2020,7,26,13,22.07,54.0,58.0,18.566,3.04
2020,7,26,14,20.23,54.0,57.0,17.761,2.79
2020,7,26,15,19.66,55.0,57.0,10.179,1.61
2020,7,26,16,14.86,53.0,49.0,6.563999999999999,0.12
2020,7,26,17,11.01,52.0,46.0,0.4500000000000001,0.3
2020,7,26,18,0.92,51.0,47.0,0.0,0.0
2020,7,27,5,1.28,41.0,33.0,2.315,0.0
2020,7,27,6,3.32,49.0,46.0,5.0779999999999985,0.39
2020,7,27,7,7.67,53.0,49.0,10.735999999999999,0.89
2020,7,27,8,14.72,55.0,49.0,16.348,1.61
2020,7,27,9,18.71,59.0,57.0,20.713,2.41
2020,7,27,10,20.52,59.0,59.0,20.651000000000003,2.75
2020,7,27,11,22.68,56.0,61.0,22.098000000000003,3.18
2020,7,27,12,24.94,57.0,63.0,22.311,3.08
2020,7,27,13,24.01,56.0,62.0,7.790000000000001,2.91
2020,7,27,14,22.92,56.0,58.0,2.008,0.27
2020,7,27,15,2.06,52.0,49.0,1.6020000000000003,0.0
2020,7,27,16,1.91,50.0,49.0,1.6390000000000002,0.0
2020,7,27,17,1.96,49.0,49.0,0.3710000000000001,0.0
2020,7,27,18,0.85,49.0,49.0,0.0,0.0
2020,7,28,5,1.24,41.0,33.0,2.3200000000000003,0.0
2020,7,28,6,3.86,47.0,45.0,7.183,0.48
2020,7,28,7,9.5,55.0,49.0,11.4,0.82
2020,7,28,8,14.62,57.0,51.0,15.379,1.34
2020,7,28,9,18.15,58.0,54.0,19.112,1.0
2020,7,28,10,20.7,57.0,58.0,20.375999999999998,2.45
2020,7,28,11,22.24,56.0,61.0,23.301,3.23
2020,7,28,12,23.29,57.0,62.0,7.872000000000001,3.49
2020,7,28,13,23.86,56.0,60.0,0.937,0.52
2020,7,28,14,1.0,51.0,48.0,1.12,0.0
2020,7,28,15,1.7,47.0,48.0,4.678999999999999,0.07
2020,7,28,16,7.38,48.0,49.0,3.074,0.62
2020,7,28,17,4.67,49.0,48.0,0.3140000000000001,0.23
2020,7,28,18,0.6,48.0,48.0,0.0,0.0
2020,7,29,5,0.84,41.0,34.0,2.222,0.0
2020,7,29,6,4.29,49.0,46.0,2.9330000000000003,0.25
2020,7,29,7,5.03,49.0,49.0,11.518999999999998,0.68
2020,7,29,8,16.21,56.0,49.0,16.438,1.48
2020,7,29,9,19.71,56.0,54.0,14.55,1.97
2020,7,29,10,20.34,56.0,55.0,13.410000000000002,1.14
2020,7,29,11,26.14,53.0,55.0,22.442,1.91
2020,7,29,12,24.35,56.0,61.0,21.063000000000002,2.67
2020,7,29,13,23.43,55.0,59.0,20.590999999999998,1.48
2020,7,29,14,20.33,54.0,58.0,14.816000000000004,2.56
2020,7,29,15,17.08,53.0,54.0,9.535,1.97
2020,7,29,16,11.84,51.0,47.0,4.061,1.1
2020,7,29,17,6.13,51.0,49.0,0.6750000000000002,0.3
2020,7,29,18,1.76,50.0,49.0,0.0,0.0
2020,7,30,5,0.45,42.0,34.0,2.0780000000000003,0.0
2020,7,30,6,4.3,47.0,45.0,3.173,0.07
2020,7,30,7,3.83,49.0,49.0,3.345,0.4
2020,7,30,8,5.07,49.0,49.0,8.717,0.64
2020,7,30,9,15.59,51.0,49.0,12.065,1.42
2020,7,30,10,24.69,53.0,58.0,11.619000000000002,2.47
2020,7,30,11,25.77,54.0,61.0,8.98,1.22
2020,7,30,12,11.78,50.0,46.0,6.587000000000001,1.27
2020,7,30,13,7.78,51.0,48.0,5.635000000000002,0.65
2020,7,30,14,7.34,51.0,49.0,8.7,0.6
2020,7,30,15,16.48,48.0,47.0,6.130000000000001,1.15
2020,7,30,16,9.32,51.0,49.0,2.708,0.7
2020,7,30,17,4.12,51.0,49.0,0.546,0.38
2020,7,30,18,1.29,49.0,46.0,0.0,0.0
2020,7,31,5,0.58,41.0,34.0,1.9080000000000001,0.0
2020,7,31,6,3.49,45.0,43.0,5.539,0.16
2020,7,31,7,7.97,50.0,48.0,6.558000000000002,0.91
2020,7,31,8,9.7,51.0,49.0,11.837,1.35
2020,7,31,9,17.03,54.0,52.0,20.763,1.61
2020,7,31,10,21.22,56.0,59.0,21.572000000000006,3.0
2020,7,31,11,23.23,57.0,62.0,22.018,2.43
2020,7,31,12,23.02,58.0,62.0,21.055,3.07
2020,7,31,13,21.9,57.0,62.0,19.139,3.01
2020,7,31,14,20.8,55.0,59.0,14.1,2.63
2020,7,31,15,18.2,52.0,53.0,8.438999999999998,1.74
2020,7,31,16,13.75,51.0,48.0,4.947,1.03
2020,7,31,17,7.2,50.0,47.0,0.8420000000000001,0.49
